Date,Pct_Gain,OBV_Ratio,40D_MA_to_Price_Ratio,5D_MA_to_Price_Ratio,RSI,ROC,Close
2019-11-15,0.0,,,,,,18.299999237060547
2019-11-18,-0.014207559146049764,-inf,,,0.0,,18.040000915527344
2019-11-19,0.020509917578014125,0.04318026045236463,,,0.5873024523160764,,18.40999984741211
2019-11-20,-0.011406794471113257,21.53968253968254,,,0.44047683923705727,,18.200000762939453
2019-11-21,-0.002747315511711257,1.4384672070744289,,-0.0038419570510732637,0.4157303129989392,,18.149999618530273
2019-11-22,0.0022039072379100855,0.538422131147541,,-0.00043959783977198796,0.4408608104810014,,18.190000534057617
2019-11-25,0.00934579831241078,-0.3111322549952426,,0.005366352766369875,0.5272733893285431,,18.360000610351562
2019-11-26,-0.010348612622076536,-3.0642201834862384,,-0.0024157375297321204,0.4496126896445675,,18.170000076293945
2019-11-27,0.008805715285651328,0.1656686626746507,,0.004934197936692142,0.5103450725253447,,18.329999923706055
2019-11-29,-0.004364425752265921,5.933734939759036,,-0.0005476576536959099,0.48366036700907555,,18.25
2019-12-02,-0.005479472957245268,2.0578680203045687,,-0.005588452059515303,0.45398782338644655,,18.149999618530273
2019-12-03,-0.007162488347045359,1.4370991613221509,,-0.009018893387455984,0.42045481638500737,,18.020000457763672
2019-12-04,0.004994458951254721,0.5667696532784071,,-0.003411815501995763,0.4486489774540896,,18.110000610351562
2019-12-05,0.06847044336428065,-2.4330708661417324,,0.05300392667195353,0.6699031942860988,,19.350000381469727
2019-12-06,-0.0015504230518897932,0.2895195419467264,,0.03926839893730216,0.6634616677813249,0.05573773225618517,19.31999969482422
2019-12-09,-0.0031055624684329652,-0.2708512467755804,,0.02381458365313427,0.7089039865544988,0.06762745296229,19.260000228881836
2019-12-10,-0.0002596608544030987,4.6761904761904765,,0.010283810554115869,0.6653617576557026,0.04589893103520448,19.2549991607666
2019-12-11,-0.0002596292383532095,1.6463000678886626,,-0.0019183850984280104,0.7234038754039923,0.05769226335411215,19.25
2019-12-12,0.009350665203936792,0.23876288659793815,,0.0065793103688149834,0.7580645037243268,0.07052345529190474,19.43000030517578
2019-12-13,-0.010293399886678212,2.511226252158895,,-0.0028519733269877223,0.6969694123562897,0.057174215373523074,19.229999542236328
2019-12-16,-0.003120097107158104,1.842503438789546,,-0.0050345015582307084,0.6600789023927796,0.04411761650409196,19.170000076293945
2019-12-17,0.004694843621789291,0.5804404628592759,,-0.0004151858845271583,0.7242798386210577,0.05998900099125448,19.260000228881836
2019-12-18,-0.004153682386051516,1.522186495176849,,-0.003843346111201962,0.6808511156364415,0.04637208865289888,19.18000030517578
2019-12-19,0.003649619067280785,0.27756653992395436,,0.0016651040395256889,0.7136751997417744,0.0547945205479452,19.25
2019-12-20,0.0031168553736302673,-5.54337899543379,,0.003951307612732657,0.7521739635215305,0.0639118386662556,19.309999465942383
2019-12-23,-0.012428781862032556,0.7561779242174629,,-0.007494547964924325,0.7178421791578224,0.05826854663636638,19.06999969482422
2019-12-24,0.0015731875786892946,1.1205519244734932,,-0.004274819525761253,0.7106382149816934,0.05466591594438075,19.100000381469727
2019-12-26,0.0,1.0,,-0.003443577341335158,0.38738744930923086,-0.012919896386121454,19.100000381469727
2019-12-27,-0.00261786091154681,0.7465975372650681,,-0.003973679585890455,0.3805308838273867,-0.0139751791940248,19.049999237060547
2019-12-30,-0.000524846295728576,0.6297743055555556,,-0.0016778107350124971,0.3981484588445352,-0.011422601803741772,19.040000915527344
2019-12-31,-0.0015756662396503307,0.19365954514128186,,-0.0026232948268403167,0.38914070887806423,-0.012723912883048416,19.010000228881836
2020-01-02,-0.0026302548031121864,-2.6619217081850532,,-0.003783148650967627,0.37391281272183263,-0.015064982624797052,18.959999084472656
2020-01-03,-0.008438810925003759,2.2379679144385025,,-0.00906601865337131,0.22123872893056912,-0.032424140927440614,18.799999237060547
2020-01-06,-0.0015956798145895235,1.6833930704898448,,-0.007718308685520814,0.2604169150195901,-0.023920909798376466,18.770000457763672
2020-01-07,-0.015450234867063761,1.485095812633073,,-0.017230385707405982,0.21008393933031258,-0.035993767934872745,18.479999542236328
2020-01-08,0.010281414435285408,0.7961768219832736,,-0.00352260911615343,0.27131793261297704,-0.030633444733979887,18.670000076293945
2020-01-09,-0.0005356308966776302,1.1524609843937574,,-0.0008567136905658357,0.2868852715311304,-0.027111597992172554,18.65999984741211
2020-01-10,0.005359077293004111,0.4890625,,0.004928230030740277,0.304000390624404,-0.02545453356457994,18.760000228881836
2020-01-13,0.0005330612345324504,0.5356762513312034,,0.00546391831365689,0.2750009139358528,-0.027964734495778854,18.770000457763672
2020-01-14,-0.003196663389861465,1.7952286282306162,-0.0033227509536437605,-0.00021378938256044755,0.3235298517510135,-0.018877850871139246,18.709999084472656
2020-01-15,0.0026724290142094986,0.5149501661129569,-0.00127102673499091,0.00149478216127652,0.3365391316468046,-0.017801054753786794,18.760000228881836
2020-01-16,0.0031982657361597777,0.1064516129032258,0.0008841332525204582,0.0029844252846691344,0.3727274461219415,-0.0146597215211135,18.81999969482422
2020-01-17,-0.0063761388857921375,10.05050505050505,-0.00588094576881526,-0.0027729992912742807,0.3504282560994298,-0.018372624049254216,18.700000762939453
2020-01-21,-0.005882385340302609,2.9678391959798995,-0.012240715745574615,-0.006732198774099363,0.32283494130792617,-0.02363449271541118,18.59000015258789
2020-01-22,0.009682641403890635,0.3051134439552997,-0.003497293141334512,0.0022426419149144117,0.4154932698984945,-0.012624922053053544,18.770000457763672
2020-01-23,0.04954716475731957,-3.0710321864594894,0.04378468477207553,0.041446414757368544,0.6608697166512973,0.03902962627634432,19.700000762939453
2020-01-24,-0.0553299548413444,0.22334658474882543,-0.014294291097277534,-0.013987492385360012,0.4705884784452114,-0.010106310341462144,18.610000610351562
2020-01-27,-0.012359024290253151,-1.1504854368932038,-0.026747286869448272,-0.0228602372611878,0.4431485988797267,-0.020777905566632948,18.3799991607666
2020-01-28,-0.005984695757643377,2.461322081575246,-0.032495062349640835,-0.025392074298075662,0.4676924864637093,-0.011363587103598194,18.270000457763672
2020-01-29,-0.024630583013928176,1.733142857142857,-0.05578775500749544,-0.039663744182900196,0.3789174640660822,-0.045527604606119265,17.81999969482422
2020-01-30,0.003928153536643997,0.7154632377184306,-0.0517521583573588,-0.016708831225517806,0.3921569046486902,-0.04126476227546494,17.889999389648438
2020-01-31,-0.02291782344326654,1.545622119815668,-0.07282048241757866,-0.027159400954094637,0.33505158440084953,-0.06823031295462834,17.479999542236328
2020-02-03,0.008009227726739399,0.7239117471675611,-0.06478681894929716,-0.011001299151082167,0.3566086709598615,-0.0612679590028784,17.6200008392334
2020-02-04,0.009648130998689552,0.6437397034596376,-0.053805141688855085,0.003950385944244239,0.38834981120964707,-0.049171470548537544,17.790000915527344
2020-02-05,0.020798140126110143,0.31285988483685223,-0.032633964040395536,0.020912960330944586,0.4324323976013805,-0.031982962374701884,18.15999984741211
2020-02-06,-0.00715854415522621,2.6748466257668713,-0.03798309085286389,0.012011692637839966,0.41241696584408205,-0.041976568596649444,18.030000686645508
2020-02-07,-0.007210264179941195,2.761467889908257,-0.0431901015498235,-4.262231489970958e-08,0.4115043444906136,-0.042780808116043456,17.899999618530273
2020-02-10,0.0044692695760304435,0.7757475083056479,-0.03727999385890168,0.0004451046133808756,0.4320712269132314,-0.0328133730685658,17.979999542236328
2020-02-11,0.0011123725402044649,0.37437544610992146,-0.034360667378016574,-0.0007771699240745056,0.41108543508674245,-0.04102293228475562,18.0
2020-02-12,-0.0005555682712130583,2.1877979027645376,-0.03328946262370258,0.0005561650419656505,0.24926684576717037,-0.08680207744144974,17.989999771118164
2020-02-13,0.002779385494459774,0.673202614379085,-0.029128779321488274,0.0032255002860279713,0.37974703918671404,-0.030628676847391567,18.040000915527344
2020-02-14,-0.0011086727687722453,1.4860841423948221,-0.028584498543982595,0.0007775363949678038,0.4166670345962738,-0.01958643740155175,18.020000457763672
2020-02-18,0.0011099032883239435,0.587979094076655,-0.026009915442722686,0.0012210291395819972,0.44444464920508847,-0.012588918252522063,18.040000915527344
2020-02-19,0.00498881600176615,0.3414814814814815,-0.01966885493635573,0.004766067139347463,0.5906430661224963,0.017396154391204677,18.1299991607666
2020-02-20,0.004412571837243862,-0.2299349240780911,-0.013876718507816355,0.0067447466243208964,0.5930231010805344,0.017887071310319858,18.209999084472656
2020-02-21,-0.016474423511440572,-6.2924528301886795,-0.028597008412294733,-0.008415460451513535,0.6335404168206761,0.0245995604368745,17.90999984741211
2020-02-24,-0.027917364838629388,3.269865067466267,-0.05354716932134407,-0.02954291697145439,0.44670023730523495,-0.011918330409706468,17.40999984741211
2020-02-25,-0.035611656365231115,1.557542411737735,-0.08437738062652311,-0.05087613720946538,0.2933882734225742,-0.05621135180084147,16.790000915527344
2020-02-26,-0.007742767184426458,1.4863114512805418,-0.08849679686743384,-0.04230858041553365,0.1559633509136023,-0.08259911963676347,16.65999984741211
2020-02-27,-0.034813921309618134,1.246781540899188,-0.11665339659606089,-0.0524455008006256,0.12927757205496065,-0.10815311639914593,16.079999923706055
2020-02-28,-0.044154231437541824,1.32263701350278,-0.15141477624142252,-0.06633460046150141,0.10591904939171329,-0.14134077021723002,15.369999885559082
2020-03-02,0.027976597812455983,0.8244054768196013,-0.12385282138161346,-0.02106567277810789,0.19382035188970817,-0.12124579571765215,15.800000190734863
2020-03-03,-0.025949357117890037,1.2148892773892774,-0.14253477216719612,-0.02963428081297359,0.1696202806699864,-0.14499998092651367,15.390000343322754
2020-03-04,-0.00519817556344393,1.132270056361674,-0.14286112208561141,-0.01796021361325728,0.16666670620540772,-0.14897161676477833,15.3100004196167
2020-03-05,-0.06923581910935295,1.2051472145731836,-0.19745438566932372,-0.06397793990463707,0.12326025494014786,-0.21008873188388943,14.25
2020-03-06,-0.04561400831791396,1.1828807452324457,-0.2285547991872846,-0.08540685021876215,0.10954048719632795,-0.24528301687082632,13.600000381469727
2020-03-09,-0.1514706148408268,1.201040118870728,-0.33872932336444905,-0.17677273650221248,0.07792190098801925,-0.3603104558647584,11.539999961853027
2020-03-10,0.045060698395372745,0.8196214276877397,-0.302234738039013,-0.09676451423072474,0.12669134958755635,-0.3348041380104091,12.0600004196167
2020-03-11,-0.06467667160083723,1.3935094339622642,-0.34021585261824094,-0.10090868453711133,0.10758784468221862,-0.3805601153165654,11.279999732971191
2020-03-12,-0.06826236899976723,1.2551993067590987,-0.3777935555111993,-0.1091710374852849,0.10215060710079144,-0.4131769783124555,10.510000228881836
2020-03-13,0.033301562338086343,0.29254401104590955,-0.34946689883100557,-0.034666697184244755,0.14207651469268087,-0.3762205771477064,10.859999656677246
2020-03-16,-0.17403309847126702,1.837905604719764,-0.45463664002086446,-0.16449327346930653,0.12476008274817062,-0.46575343788496293,8.970000267028809
2020-03-17,0.0958750982247305,0.41930824171414816,-0.39418218498036983,-0.04470359959691739,0.19372196603687655,-0.4099639847696035,9.829999923706055
2020-03-18,-0.17802645102567038,1.6005741626794259,-0.4938374153876166,-0.16269430842424304,0.17532466728222004,-0.4975124401714669,8.079999923706055
2020-03-19,0.11386139665604955,0.4638287695802942,-0.4274444967382499,-0.037227209662789806,0.24581005501551645,-0.41444371717556283,9.0
2020-03-20,0.012222184075249665,-1.1737561227120392,-0.41051816636561367,0.012447177486485828,0.22604418363285433,-0.42341775020867667,9.109999656677246
2020-03-23,-0.01866082137218772,0.36195914781462774,-0.41232541880873974,-0.005782944569630577,0.23057639377876057,-0.4191033540644402,8.9399995803833
2020-03-24,0.14093962953271344,2.741504854368932,-0.320362487870288,0.1250827311962317,0.30570339320957757,-0.33376880929435637,10.199999809265137
2020-03-25,0.023529389765297948,1.7797698096502876,-0.29517800687862694,0.09456907957807492,0.34549875353286863,-0.2673684504994175,10.4399995803833
2020-03-26,0.18103452292029343,1.6837458027608507,-0.15979557726241767,0.20834969365221134,0.4532055826704231,-0.09338238398096466,12.329999923706055
2020-03-27,0.1435523494497848,1.6358667552995052,-0.03293836975124753,0.2587038532342032,0.5963855599055775,0.2218371254834588,14.100000381469727
2020-03-30,-0.10354609919484192,0.7274245981578472,-0.12581909274011338,0.05844919906610513,0.520393809835186,0.048092860988846464,12.640000343322754
2020-03-31,-0.013449372759214318,0.7086462665259761,-0.12982797392088574,0.005969681127347082,0.5437178783049793,0.10549650374363684,12.470000267028809
2020-04-01,-0.149959891380551,0.7036874835771219,-0.25092307116219403,-0.14708720950879883,0.5030591488167695,0.00856328740512935,10.600000381469727
2020-04-02,0.0764150412068263,1.4709982574060243,-0.18395080718441092,-0.06811502614332499,0.518127891316578,0.050644586383268964,11.40999984741211
2020-04-03,-0.050832596973049426,0.5834320528008123,-0.21533111820788808,-0.0655737893767101,0.5670995563762935,0.2073578150843629,10.829999923706055
2020-04-06,0.05170825702324344,1.590572878897752,-0.1649100713108277,0.004409187836161843,0.5575221375863644,0.15869790760166724,11.390000343322754
2020-04-07,-0.014047479917788097,0.7518920397556306,-0.16632645344685804,0.012441357240534856,0.6315789180155673,0.389851441618017,11.229999542236328
2020-04-08,0.03650942277819347,1.3196701430996847,-0.12556809519643397,0.030088525957765677,0.6151832414985067,0.2933333714803059,11.640000343322754
2020-04-09,0.13831611762802187,1.3095019297923176,0.0043204688399687274,0.13558450165792846,0.6597222114909349,0.4544457189181459,13.25
2020-04-13,-0.024905654619324924,0.8340350877192982,-0.01109835106882573,0.06900546177784461,0.6516768274399977,0.4451902329664319,12.920000076293945
2020-04-14,0.03715166713636853,1.2789230122002524,0.03478895754285505,0.07303008556874935,0.6296596240838758,0.3137254773630904,13.399999618530273
2020-04-15,-0.054477579329692216,0.8032236842105264,-0.011334146054136074,-0.008296802317183771,0.5869057031727174,0.2136015886533944,12.670000076293945
2020-04-16,-0.018153156631860234,0.6828569088377426,-0.018385577328886682,-0.038342632567255786,0.5049238874903469,0.008921302299909728,12.4399995803833
2020-04-17,0.09726688737634914,1.3188197193234976,0.08686994202929799,0.048709268174379705,0.478793556218064,-0.03191494686275653,13.649999618530273
2020-04-20,0.022710654086456117,1.333788085493406,0.12036275481706138,0.055656402273102534,0.5697674184159935,0.10443035276668522,13.960000038146973
2020-04-21,-0.007163351088572134,0.7860893283327651,0.12031682816009126,0.04085309936064707,0.5740148667547554,0.11146747072040197,13.859999656677246
2020-04-22,0.01443006983359485,1.2320437196391394,0.14278750869462598,0.034279870652745625,0.724093203602368,0.3264150861914621,14.0600004196167
2020-04-23,-0.12091043472286034,0.5179187495599521,0.013467778415454656,-0.08970394993391007,0.5551683755078369,0.08326028238121364,12.359999656677246
2020-04-24,0.07766990815637698,1.4651984774333877,0.09839814486192355,-0.014209606267170494,0.6384871400411299,0.22991687799256044,13.319999694824219
2020-04-27,0.036036074092190784,1.2052328817962517,0.14167530016420793,0.023738892347176632,0.6352412377595792,0.21158909348277066,13.800000190734863
2020-04-28,-0.02028983544211682,0.7554272517321016,0.1238103528748955,0.008052518130371222,0.6267995713008113,0.20391816641795835,13.520000457763672
2020-04-29,0.05843194786279615,1.2996025680220116,0.19215232302114993,0.06299215052791918,0.6418703282888937,0.22938144308780717,14.3100004196167
2020-04-30,-0.025157274618808567,0.8702266133458794,0.16546220118179011,0.012336697635151994,0.5428921309389727,0.05283017428416126,13.949999809265137
2020-05-01,-0.03799281291883483,0.8507839250315372,0.12313004135574412,-0.027536239796289608,0.5299042972141081,0.03869969017395114,13.420000076293945
2020-05-04,-0.0007451735339033538,0.8677187036644779,0.1227394396982533,-0.0227372301328278,0.5006337278086483,0.0007462857586957306,13.40999984741211
2020-05-05,-0.022371379131130853,0.7815208104479434,0.09402705316567506,-0.03885632746759771,0.5294905732666308,0.03472766990795506,13.109999656677246
2020-05-06,-0.04729213591117831,0.6642198969233172,0.04135399489870917,-0.05920458503859971,0.5031847242090429,0.004019308072462424,12.489999771118164
2020-05-07,0.037630126152254695,1.3456383729132377,0.07676969716807314,-0.009022774192088079,0.4514768464487185,-0.05054942122097983,12.960000038146973
2020-05-08,0.0478394972017091,1.2437532762537131,0.1211326883449797,0.03585050204151785,0.4743935334223515,-0.02722063849588341,13.579999923706055
2020-05-11,-0.05044178717163372,0.6094408541725204,0.06012808525559299,-0.008610710539058042,0.43972523702762006,-0.06962476355103464,12.895000457763672
2020-05-12,-0.06785575563692126,0.4280774550484094,-0.01796378846831026,-0.060129772784206836,0.38248849850263267,-0.14509245383853564,12.020000457763672
2020-05-13,-0.028286201301122693,-0.5546580506192784,-0.049334081133898144,-0.07499801327295297,0.45355196097961104,-0.055016130290433174,11.680000305175781
2020-05-14,0.019691741115315464,-0.7631067961165049,-0.03811015241347482,-0.04083114623924533,0.39301974091317715,-0.1058558468255818,11.90999984741211
2020-05-15,0.014273726152136179,2.380407124681934,-0.03041005429445831,-0.0030535837296757906,0.3630572977576352,-0.12463769878667064,12.079999923706055
2020-05-18,0.07947020233527047,2.8535542490646715,0.03845426129105323,0.07360446693320033,0.4655172059425419,-0.035502994057593495,13.039999961853027
2020-05-19,-0.0429448175808983,0.7224199288256228,-0.013097450941155886,0.019774442541199866,0.36404154958886437,-0.1278826571431637,12.479999542236328
2020-05-20,0.04887825582742411,1.4392014519056262,0.02926000992001998,0.045527178293848225,0.4383954444429415,-0.06164872175167069,13.09000015258789
2020-05-21,-0.003055764811822348,0.8086831201585299,0.020877146336531816,0.023690009224637043,0.47149461908797297,-0.027570781181490145,13.050000190734863
2020-05-22,0.003065131131678056,1.263533080864335,0.02248651120300682,0.01081082259365962,0.4754601478253595,-0.023862766477657615,13.09000015258789
2020-05-26,0.05118411523940947,1.3316290550070522,0.0755356833044738,0.05086300387656162,0.5471698504946026,0.04958051786626316,13.760000228881836
2020-05-27,0.05159883912332375,1.337084602144843,0.1270019175803303,0.07248740396424846,0.6418338363350162,0.15852686406681848,14.470000267028809
2020-05-28,-0.03386321463372677,0.8416674918308743,0.0856460227885476,0.022677356562709416,0.5728570975089621,0.07870366520733407,13.979999542236328
2020-05-29,-0.031473504634529914,0.8428235294117647,0.04550938443695052,-0.01656014440435616,0.4970674517559002,-0.0029455053076400395,13.539999961853027
2020-06-01,0.021418017922456345,1.2751256281407035,0.06293652023292506,-0.00617994115618381,0.5727625913931539,0.07250868032187219,13.829999923706055
2020-06-02,-0.0050614385546186025,0.8398467432950192,0.05163603373350556,-0.011210100318369332,0.6548042269825985,0.14475871088626335,13.760000228881836
2020-06-03,0.047965104391988866,1.22992700729927,0.09573427939390866,0.03696247171535427,0.7306396906370705,0.23458901537048615,14.420000076293945
2020-06-04,0.04785017869158259,1.2507418397626113,0.13976444070830607,0.06920461996226868,0.7499999627471005,0.2686817674443931,15.109999656677246
2020-06-05,0.11912642168323462,1.4604304355194035,0.26298885215436485,0.14210454602236067,0.8007471675400168,0.39983443329561275,16.90999984741211
2020-06-08,0.0378473918050557,1.2125783244372244,0.30034911470262204,0.1286173281239369,0.7924772537544277,0.34585884113504495,17.549999237060547
2020-06-09,-0.019942933865318757,0.9045933014354067,0.26439216634474905,0.05924380168953869,0.8146668280707875,0.37820523989036414,17.200000762939453
2020-06-10,-0.06046516682535363,0.8969110335343278,0.181945335910227,-0.0256843136512378,0.6935687462222825,0.23453014965911056,16.15999984741211
2020-06-11,-0.15006189440795115,0.8102258654243085,0.0026279056592144467,-0.15793024548504409,0.5332040502733897,0.052490379764799755,13.734999656677246
2020-06-12,0.060793597307520875,1.1385108086469176,0.05946297631603947,-0.0803509535966741,0.5666066478403953,0.11306337089260698,14.569999694824219
2020-06-15,0.03294444104080241,1.1354046797084771,0.09158825704770579,-0.019096645975358872,0.5590659370650006,0.09374999566826725,15.050000190734863
2020-06-16,0.013953490729937235,1.111036036036036,0.10421680782466392,0.020394537394300194,0.5379078708431991,0.0545957116291913,15.260000228881836
2020-06-17,-0.04783751539721537,0.9221569024934118,0.050121037254343026,-0.006767391381357846,0.5257973849818108,0.03934193195594915,14.529999732971191
2020-06-18,0.0013764940214202603,1.0704000879314135,0.050636353154233316,-0.016360182312717186,0.5493164185281788,0.07459381327380821,14.550000190734863
2020-06-19,-0.01374569117823743,0.8801150074446783,0.03248554647512725,-0.026986693760294167,0.5256157870594564,0.03759945485410565,14.350000381469727
2020-06-22,-0.000696880042926673,0.862384785905962,0.02987648140272592,-0.018211692608531727,0.5287413238322547,0.04215115654494328,14.34000015258789
2020-06-23,0.006624844213245273,1.0939592775485354,0.03551863901327512,-0.0004154667811419044,0.5007874195496915,0.0010402457172946633,14.4350004196167
2020-06-24,-0.05161072515252352,0.8733613653227801,-0.0182245517767049,-0.04084639239502308,0.4258872753191523,-0.09397750553001727,13.6899995803833
2020-06-25,0.04017532560943038,1.108538657604078,0.021346777640855352,0.0020406523086662354,0.33973592500664024,-0.15789474277863813,14.239999771118164
2020-06-26,-0.07092698350531845,0.7689212492814715,-0.04986762021073976,-0.05412170992585763,0.2517242316730709,-0.2461538394657945,13.229999542236328
2020-06-29,0.06538176528510031,1.1590663676385082,0.011028442691346063,0.011264195142594247,0.33152475106940316,-0.18052327663850665,14.095000267028809
2020-06-30,0.0294430616524215,1.077325498065071,0.03874721996469521,0.03991975602559772,0.40395815736440505,-0.10210393775433779,14.510000228881836
2020-07-01,-0.044796730665157214,0.925364198762722,-0.009115306046309501,-0.009079876848578361,0.5091709405895566,0.009100837504515846,13.859999656677246
2020-07-02,0.013708552580380617,1.2423262166630724,0.0016754129844842591,0.007240677739535073,0.4578606891582153,-0.03568974021832527,14.050000190734863
2020-07-06,0.010676129287826575,1.130482583034371,0.010136923666969944,0.00403024666793228,0.4272260441746869,-0.056478429946665853,14.199999809265137
2020-07-07,-0.010563353559512212,0.8757741720837385,-0.0013682193929008823,-0.005943103469169375,0.3953287806687365,-0.07929226867617378,14.050000190734863
2020-07-08,-0.00960855708534869,0.9102863822326125,-0.012752978038309326,-0.007135212291986215,0.4406943701063296,-0.04232620663595876,13.914999961853027
2020-07-09,-0.03844770742930459,0.9130658105939005,-0.052994771407784635,-0.038724041734087056,0.39736846244014024,-0.0804123753234709,13.380000114440918
2020-07-10,0.04708520994412879,1.1037901694676886,-0.012476193685546644,0.007116682295472021,0.47226753771990126,-0.023693389794395836,14.010000228881836
2020-07-13,0.0342612087362284,1.1581193858699115,0.016735065410170336,0.03729685129361693,0.511363603523623,0.010460224332926815,14.489999771118164
2020-07-14,0.0006901469316631381,1.1101270696958028,0.013135830882785138,0.03136780597927147,0.5049884541771725,0.004502915032476684,14.5
2020-07-15,0.0493103553508889,1.0994995292601952,0.05907023585684956,0.06257420880231201,0.6175790442876834,0.1113952241744256,15.21500015258789
2020-07-16,0.029904693995593812,1.1054576592005048,0.0847199556318845,0.06043175392510203,0.6118935848923691,0.10042137135957918,15.670000076293945
2020-07-17,-0.013401406325751486,0.9136532267927759,0.0658118134885326,0.02608349574026536,0.6994633322534125,0.16855635472937425,15.460000038146973
2020-07-20,-0.0129365982387869,0.9549774664227388,0.048031950818349545,0.002562258028091291,0.6182741032218312,0.08265341892743416,15.260000228881836
2020-07-21,0.04128441054991261,1.0670498084291187,0.08607802694451583,0.025227445076568378,0.6342412473020204,0.0951068292675874,15.890000343322754
2020-07-22,-0.005034608053968492,0.9464027674388055,0.0768379654650655,0.012293520018202608,0.7133480189449398,0.14069269922384264,15.8100004196167
2020-07-23,0.018975343628873542,1.1311247860084208,0.09421567359003946,0.025722671198835867,0.7200855454131417,0.14661924495738776,16.110000610351562
2020-07-24,-0.010242142102795504,0.929766433509224,0.07940696357980936,0.008985599765483965,0.6858359578839606,0.12288731753506887,15.944999694824219
2020-07-27,-0.005957937608824793,0.945094588649362,0.06879754154437001,-0.004459513042797458,0.6939655234428134,0.12811389083979208,15.850000381469727
2020-07-28,-0.003154586090314493,0.9291034354343171,0.06189933087911692,-0.006476769602243637,0.7069154887585779,0.13546534200858273,15.800000190734863
2020-07-29,0.1025316370887801,1.11769126709755,0.16362179150234546,0.07365176403766549,0.8581560031850014,0.30194319337058073,17.420000076293945
2020-07-30,-0.005166484052452347,0.9130805092343554,0.15201169175261886,0.05228003324477748,0.8254901418132302,0.23697356463849206,17.329999923706055
2020-07-31,-0.0184650719118864,0.902646178015612,0.127180569018027,0.019661914969090866,0.7550607475029758,0.17391307781706122,17.010000228881836
2020-08-03,0.021164056761169503,1.0705428043076253,0.1501597942412587,0.022606886952292626,0.7712665730179081,0.1979310923609241,17.3700008392334
2020-08-04,-0.0023028735517959253,0.9356297312401565,0.14792917796977822,0.00219753209032425,0.7291439872044438,0.13900754189334852,17.329999923706055
2020-08-05,0.030582844141880727,1.0579930495221546,0.18174452917411,0.02761796874266098,0.7334754151429576,0.1397575318056774,17.860000610351562
2020-08-06,0.012877913458917867,1.0872510778074318,0.1931537141880424,0.03182750344888263,0.7791931027710202,0.17011643647810426,18.09000015258789
2020-08-07,0.03703704094209748,1.0534365558912386,0.22717646994604546,0.04909964549256585,0.8378376935378098,0.2293577947250438,18.760000228881836
2020-08-10,0.03891255508155389,1.0924896934934576,0.26475285753950795,0.06467822707892834,0.8409089308140204,0.2265575424803683,19.489999771118164
2020-08-11,0.0025654769110503572,1.057095980311731,0.25882803057246107,0.042244536252014964,0.8552379488783615,0.23592665382111844,19.540000915527344
2020-08-12,-0.004605944133624473,0.9585208753686171,0.24463076757283386,0.02014058477671332,0.8313490359001412,0.20732464469565293,19.450000762939453
2020-08-13,-0.005141407585971369,0.9573331174351294,0.22875672900527277,0.0016564845636177772,0.8422109668470372,0.21354661347223347,19.350000381469727
2020-08-14,-0.006718401320535805,0.9234217091631781,0.21151946709670044,-0.009788815728328681,0.8363269672610153,0.21261822402380748,19.219999313354492
2020-08-17,0.0010406065805514952,1.0547669200476235,0.20350603226497488,-0.006198370678976217,0.8453811850178278,0.21772148980102668,19.239999771118164
2020-08-18,-0.02079000121043284,0.9624468177476774,0.17024993647909903,-0.019771067752218707,0.6888295943083966,0.08151550344861103,18.84000015258789
2020-08-19,0.034501041043834,1.0674816184762506,0.20119562681067626,0.013625956670054284,0.7499997792422357,0.12463934546574351,19.489999771118164
2020-08-20,0.0066701421057930865,1.0511303612930487,0.19825945025023306,0.01752934707426257,0.8159803298554665,0.15343918725644445,19.6200008392334
2020-08-21,0.0015289897050814183,1.0720402010050252,0.19025982545752762,0.01456007783810187,0.7999995984532419,0.13126071785483573,19.649999618530273
2020-08-24,0.017302807083378502,1.0665241684478943,0.19858493842717295,0.024182792287252175,0.824390044203943,0.15349104784319367,19.989999771118164
2020-08-25,0.05052527465963741,1.0899757392496747,0.2462445656234351,0.05263157894736836,0.8427945561459913,0.17581182991833222,21.0
2020-08-26,-0.04333332606724327,0.9071290322580645,0.18245157095482956,0.0009965160048788224,0.6901139912305513,0.11055831858099174,20.09000015258789
2020-08-27,0.007217543885632782,1.0534476014366487,0.17991780675440228,0.002079957399619081,0.6557549733031756,0.0786247528504238,20.235000610351562
2020-08-28,0.024956715865294354,1.1174048069133136,0.197684299738903,0.016118745240272236,0.6385808656229118,0.06413545483219285,20.739999771118164
2020-08-31,0.06943107762531975,1.3582562987130686,0.2662527713365006,0.06383999839866528,0.7237287039731032,0.1351074342862788,22.18000030517578
2020-09-01,0.01668164683471285,1.0693712328462446,0.27194523399774595,0.0657403100713001,0.7508089256504428,0.1593829487157612,22.549999237060547
2020-09-02,0.04212863836279612,1.0517054908485857,0.3078533715005096,0.07595806128006122,0.7951635286760208,0.21447026029541916,23.5
2020-09-03,-0.011489381181432834,0.9608234782264763,0.2753487589772856,0.03520498124669991,0.7796373909492718,0.20863685599070747,23.229999542236328
2020-09-04,0.01980202328394043,1.0331583822167336,0.28354996485163153,0.028658298416761596,0.7923784760862111,0.23128902369424686,23.690000534057617
2020-09-08,-0.04601098049874952,0.9658538528966452,0.2111874169530319,-0.022237585829038342,0.7265060066536584,0.19957538208222125,22.600000381469727
2020-09-09,0.013716790296895764,1.0311043273792335,0.21412056033769988,-0.011903744194621702,0.7148240986281229,0.17547460833539752,22.90999984741211
2020-09-10,0.009166346277606374,1.124264852970594,0.21255034939948803,0.0004327395176337845,0.7176616667568149,0.1783893909423886,23.1200008392334
2020-09-11,0.0025951325157638205,1.0214938970143412,0.20384316333436248,0.0034632001032446347,0.7187112754534678,0.17964380433456384,23.18000030517578
2020-09-14,0.038826557665286865,1.023201532834001,0.2367427506606372,0.03891619873206498,0.7369640583069554,0.20460231112644545,24.079999923706055
2020-09-15,-0.009136184138352488,0.9489802866773348,0.21205965841637076,0.018352552265259447,0.6823979945591908,0.13619050525483622,23.860000610351562
2020-09-16,0.014249796474874454,1.0243071127455377,0.21649305894378612,0.021614330635947754,0.78266852486663,0.20457942155974207,24.200000762939453
2020-09-17,0.002066084110919464,1.0231348511383538,0.206212606607602,0.014050333489304068,0.7797909279843563,0.19841854551733973,24.25
2020-09-18,0.07876288030565393,1.1880830523270742,0.28515632900148247,0.06731944525181865,0.8158508231054171,0.26133076837549707,26.15999984741211
2020-09-21,-0.06383792377809017,0.941419700615194,0.19061941577872266,-0.004147707645711485,0.6311009992039363,0.1041478554625328,24.489999771118164
2020-09-22,-0.013883224000224903,0.9601181457845522,0.1623639289079175,-0.020283991134674495,0.5911161877187179,0.07095345612429793,24.149999618530273
2020-09-23,-0.013250505170968374,0.9583658765959482,0.1359857837647691,-0.03035481419035735,0.5202453950400039,0.014042549944938587,23.829999923706055
2020-09-24,-0.0033571096920764765,0.9595343035343036,0.12369517630478866,-0.029661702775450993,0.5326633490937217,0.022384867327191138,23.75
2020-09-25,0.0021052310341282965,1.0411322193718366,0.1175085717229356,-0.008498603378034986,0.507284684894526,0.0046432545598633634,23.799999237060547
2020-09-28,0.052521010086989506,1.0232414883875802,0.1652043069066924,0.03872945965973407,0.6588845494561332,0.10840702717862039,25.049999237060547
2020-09-29,0.02954098606805511,1.0309464538487823,0.18799342738059743,0.05506468092040695,0.676904255777814,0.12570934470960093,25.790000915527344
2020-09-30,-0.017836408510723878,0.9803670912046463,0.15615246454589182,0.023682511489147018,0.6317043650324545,0.09558819222542625,25.329999923706055
2020-10-01,0.026845649712749386,1.0277531834060432,0.1762511299035967,0.032306728186709766,0.6570477165269321,0.12208800200378578,26.010000228881836
2020-10-02,0.03421758484493087,1.0365114421314787,0.20450231083160086,0.04198944973775065,0.6566666497124567,0.1171096222491268,26.899999618530273
2020-10-05,0.09925650981997403,1.0618671985976365,0.3082261692771744,0.10666166206559247,0.7493449215721616,0.2393126126742593,29.56999969482422
2020-10-06,-0.0358471246831944,0.9394461205669722,0.2488706680774182,0.045701301815815,0.6770747509828644,0.17809914587039333,28.510000228881836
2020-10-07,0.05366540422176325,1.0485055973823338,0.3009327539739204,0.06502165387750392,0.7120879219152516,0.23876292435164315,30.040000915527344
2020-10-08,0.028295554201589246,1.0341688940258615,0.3213771734926423,0.05852921053910576,0.6878474775579757,0.18081038110954895,30.889999389648438
2020-10-09,-0.00453219140222294,0.9678122380553227,0.2995451583562556,0.02664262663608552,0.7830018323309405,0.2556145482804151,30.75
2020-10-12,0.01853657544143794,1.0410820486171257,0.30692634090532556,0.03359513060227015,0.8175376752070505,0.29689441778675674,31.31999969482422
2020-10-13,-0.004789259897568288,0.9750561548487285,0.28467875446081026,0.01089706365923604,0.8300360097851112,0.3080151143972967,31.170000076293945
2020-10-14,0.016682722376993198,1.0293787238883438,0.28904325372439366,0.016878468621581044,0.8434256445015476,0.3343158119603207,31.690000534057617
2020-10-15,0.02619122466766899,1.0276008785865256,0.3055063656711221,0.03270880597601833,0.8533225734553337,0.36638661765688774,32.52000045776367
2020-10-16,-0.0070725565497776754,0.9742428112439001,0.27999686194259166,0.01547268930875867,0.8197880686241141,0.289022031895134,32.290000915527344
2020-10-19,-0.008671495387276185,0.9711332808985663,0.25354277742052744,0.0023170797957359213,0.7863718718430396,0.24117864231098163,32.0099983215332
2020-10-20,0.024367467506845486,1.0384915955043408,0.2681960247706481,0.016429035427315553,0.8336314631254819,0.2945124758898858,32.790000915527344
2020-10-21,-0.03171701392160875,0.9648505910683012,0.2153400772442473,-0.016175016116008356,0.7487001025571521,0.22068434143050863,31.75
2020-10-22,0.037165363942544216,1.0501708759341455,0.2452082917778362,0.017803060270542348,0.7548604725740927,0.22416359747796033,32.93000030517578
2020-10-23,0.02368657066712143,1.05487664906761,0.2586694193230217,0.03284513046608373,0.7082494151310658,0.14000674441579664,33.709999084472656
2020-10-26,0.002669835509706342,1.0934191830621727,0.24682986951334351,0.024366569609774125,0.7948716367575934,0.18554889392177976,33.79999923706055
2020-10-27,0.032544447149343236,1.071459511349934,0.2724803877568638,0.04434740241809676,0.7845432036560325,0.161784303003782,34.900001525878906
2020-10-28,-0.018338199895811758,0.9615506484708761,0.2359529681385546,0.010023544509667692,0.702280618520632,0.10909676265691637,34.2599983215332
2020-10-29,0.07443091584026962,1.0879732739420935,0.31219425556649094,0.060929256122377096,0.7821226242527785,0.19707321539157774,36.810001373291016
2020-10-30,0.012768198545813902,1.0460906983059344,0.3125142583392433,0.05280991075806041,0.7800748597723732,0.1902937146406669,37.279998779296875
2020-11-02,0.01904514276873348,1.0378598029133677,0.3208859774641464,0.048057860478943004,0.8044639735505573,0.2188001791940879,37.9900016784668
2020-11-03,0.037378207586397316,1.046175601966311,0.3505247301953849,0.06083445080517125,0.8190079243164803,0.24360994582684592,39.40999984741211
2020-11-04,-0.03273283228931689,0.959696922327151,0.2895150415205776,0.005221212203393666,0.7229296480641646,0.17220167267199948,38.119998931884766
2020-11-05,0.06899268472737075,1.0486068526751495,0.3582314658006902,0.052699564986546266,0.7827537089990559,0.2620005836049537,40.75
2020-11-06,-0.028220896340586665,0.9688690710062956,0.30208542564413854,0.010874526218083158,0.7397344847620684,0.23711341926194596,39.599998474121094
2020-11-09,0.03156565778195386,1.056161231303167,0.32492211266644144,0.027776363718310604,0.7472390269017892,0.24580656704943937,40.849998474121094
2020-11-10,0.05728274761308261,1.0804454008875872,0.3792001916944694,0.0663670880019469,0.8249997778373583,0.3603149173766609,43.189998626708984
2020-11-11,-0.010650592708937756,0.9546356138117985,0.3446197824032915,0.03152763010784865,0.7902841880201844,0.2976009458317628,42.72999954223633
2020-11-12,-0.014509687304628427,0.9641153503190227,0.3067494428947577,0.009929045311973361,0.7511960849180366,0.24918427036528978,42.11000061035156
2020-11-13,0.030159117533982593,1.041350885384864,0.32841332141925017,0.021860016280666583,0.7675976796423137,0.2834320132336139,43.380001068115234
2020-11-16,0.044259984363083094,1.053143512490407,0.36545517159222873,0.04517556708130477,0.7777776419267721,0.2979941907300456,45.29999923706055
2020-11-17,0.007726319971591122,1.035347001604821,0.3540670695281145,0.041429053080127565,0.8090070715736813,0.3324577864087874,45.650001525878906
2020-11-18,-0.02234393041992422,0.9662868033752738,0.3037033040324033,0.009408792681206535,0.7313609168274181,0.2124422549057099,44.630001068115234
2020-11-19,-0.011875477958990799,0.9756436907665362,0.2693569335528174,-0.011476773006924512,0.7010612321647229,0.18293991196726234,44.099998474121094
2020-11-20,-0.008389998745734428,0.950725610267595,0.24091059631086598,-0.021306128371521016,0.672683421034632,0.15109232982800935,43.72999954223633
2020-11-23,0.026526408862449946,1.021273028869909,0.25614745490880786,0.00650222846745363,0.6674816033009714,0.13905099120664355,44.88999938964844
2020-11-24,0.02673202894309168,1.0316206899530873,0.27166753644044994,0.03137308529947558,0.7449292909588651,0.20907663809079402,46.09000015258789
2020-11-25,-0.02581901980406409,0.962230020015577,0.22233418434350627,0.003531395772003787,0.6399191171099055,0.10184052824242706,44.900001525878906
2020-11-27,-0.0138085239534943,0.9718965682306762,0.1906506198160567,-0.011121557461039489,0.6636363393852737,0.11818183044209452,44.279998779296875
2020-11-30,-0.07136404549517672,0.9417200988644912,0.09521175251076897,-0.07086046731007167,0.5083282051040688,0.006609558576476271,41.119998931884766
2020-12-01,0.02164395459062929,1.041394066184861,0.10972424580566043,-0.038232629079776426,0.4600270957183906,-0.027321147087188358,42.0099983215332
2020-12-02,0.024518034638106423,1.0238693123190854,0.1261267430837616,-0.0006965121780690975,0.5101109347398355,0.007254888289539796,43.040000915527344
2020-12-03,0.0055761584262175035,1.0353884434614322,0.12268320723683512,0.012492388632005635,0.5391303615617442,0.0277843303725267,43.279998779296875
2020-12-04,0.01548063776663211,1.0184762479004263,0.13048848745565156,0.02975635506852159,0.5198606080970437,0.013139688353838608,43.95000076293945
2020-12-07,-0.026848698172738383,0.9783237483085251,0.09169805637218009,-0.005580083480583364,0.40705373814879947,-0.055849863618254725,42.77000045776367
2020-12-08,-0.01847091201945361,0.9660174451273805,0.06429367428239585,-0.023811751165853767,0.36939501103003564,-0.08039434525674793,41.97999954223633
2020-12-09,-0.013577887113856213,0.9639181715676624,0.043073047773927176,-0.02971085885337621,0.3816176553085977,-0.0721488044732218,41.40999984741211
2020-12-10,0.02608070115996819,1.027145960599365,0.06304733050094846,-0.0007055216127448416,0.44310967533568646,-0.03650786511022397,42.4900016784668
2020-12-11,0.03224285426609086,1.0395704911513224,0.0895947117862872,0.0319514415663813,0.504290462781787,0.002972812016375004,43.86000061035156
2020-12-14,0.04331960065529983,1.0426114627530083,0.12736429362614587,0.06171689841144312,0.5273756688622578,0.019380684867761122,45.7599983215332
2020-12-15,0.04523609233935244,1.040402945370548,0.16699101354602974,0.0804156615423457,0.5519093395181784,0.03775226020191491,47.83000183105469
2020-12-16,0.020698261046830035,1.0211041823632196,0.1796117051289654,0.06705716119356997,0.618357395557722,0.08730507874673354,48.81999969482422
2020-12-17,0.022531718168726567,1.0204639114564935,0.19309520896855537,0.05677629152795616,0.6654929309454763,0.1273712634401747,49.91999816894531
2020-12-18,-0.007411837849684466,0.9500238457869878,0.17260758966348644,0.024268228040926987,0.7957894843921326,0.2050097403732929,49.54999923706055
2020-12-21,0.012310809682017476,1.0194324116432534,0.17560204017618974,0.01835309598898549,0.7916965216080599,0.19400147230430687,50.15999984741211
2020-12-22,-0.04605265909725065,0.9619395576029546,0.11230565012410998,-0.028623642642251035,0.6577048379866803,0.11175644647485283,47.849998474121094
2020-12-23,0.027795232465346764,1.0321930758878073,0.13381326100493318,-0.0030811421351646384,0.680538558549052,0.13632166571828064,49.18000030517578
2020-12-24,-0.021146826130009067,0.9921287556394586,0.10102863163577469,-0.017069586540586434,0.6253739646842648,0.09533557574456686,48.13999938964844
2020-12-28,0.009140059139694623,1.022930306059922,0.10366453945388598,-0.0041408334745213216,0.6819035548333298,0.1358429111785613,48.58000183105469
2020-12-29,-0.054549226554061137,0.9704820606595624,0.03835916320177146,-0.04184745813804258,0.610768354239993,0.09409244416416285,45.93000030517578
2020-12-30,0.015022830875775828,1.0112079397695062,0.048842474655035995,-0.02243659503626705,0.6451252856771862,0.1258149988812003,46.619998931884766
2020-12-31,0.018018021703844145,1.01903507433317,0.06292796416173063,0.0024077889630766958,0.6403161093282148,0.1169686328472086,47.459999084472656
2021-01-04,-0.049515350178123696,0.9753619647375017,0.006358077017270203,-0.03487375988264896,0.5334403380609176,0.02849977160522399,45.11000061035156
2021-01-05,0.009310533435216373,1.0279997737392021,0.01302715579062208,-0.013006736806708497,0.49331785289102364,-0.005026213957007419,45.529998779296875
2021-01-06,0.03777731752290836,1.0469909445352785,0.04684203080003102,0.01845067311227777,0.4827994718250905,-0.012126318395373925,47.25
2021-01-07,0.03576716670283564,1.0222757781882066,0.07944767789148166,0.04443209766328504,0.5034168258115084,0.0024579871494241345,48.939998626708984
2021-01-08,-0.02451975851889976,0.9821828570589229,0.05034463550136037,0.017606721673201653,0.4382786945267734,-0.04366980309375623,47.7400016784668
2021-01-11,0.041684076116552005,1.0164803529367779,0.08993078960249723,0.03955014481703456,0.5046680580023964,0.003632700463114258,49.72999954223633
2021-01-12,0.01910317256553773,1.0229514708803213,0.10556053374664098,0.03707948501118574,0.513251796281156,0.01036683531390592,50.68000030517578
2021-01-13,-0.03512231192932902,0.9854666005076982,0.06352903785123609,-0.006057132561915424,0.5275013947926674,0.021943638145060618,48.900001525878906
2021-01-14,0.025766836037139695,1.0151709744742334,0.0880576119288412,0.014522051275388304,0.5257623530954916,0.019926790080422085,50.15999984741211
2021-01-15,-0.01973687562755988,0.9869174867198114,0.0645506640749669,-0.011221076865229662,0.5271481056211001,0.021395903455668774,49.16999816894531
2021-01-19,-0.021557811634478008,0.9876035164643073,0.03964302485656468,-0.026192200607303096,0.48800404564553707,-0.009674788040100024,48.11000061035156
2021-01-20,-0.009145758383373948,0.985397691655297,0.02815173943842275,-0.023195801466087573,0.5500575058274034,0.037883689357899986,47.66999816894531
2021-01-21,-0.0025172841723106743,0.9876436028888972,0.023455522434196352,-0.020234072066621867,0.5276621315388285,0.01994852695158955,47.54999923706055
2021-01-22,0.025867498674482903,1.012594343911976,0.047736648211797794,0.010858749115396638,0.5383721079808396,0.027812889175888644,48.779998779296875
2021-01-25,-0.015170108287981376,0.9833939502791373,0.030763065299821202,0.0002082318006733086,0.5939705717547767,0.06495234461387756,48.040000915527344
2021-01-26,-0.03039132091275132,0.9837603780620515,-0.001463034221170889,-0.023971124810222233,0.5315695642479835,0.023061785194584017,46.58000183105469
2021-01-27,-0.11528558470347405,0.9452321830544661,-0.11512407288261683,-0.11246556014046216,0.35108472506516775,-0.1278307072069279,41.209999084472656
2021-01-28,-0.014074205999581202,0.9392109204291571,-0.12734846083989582,-0.0980731494107534,0.2832550427855223,-0.16979970968079616,40.630001068115234
2021-01-29,-0.018459266066536473,0.9456367359386573,-0.14247621567298963,-0.07830266393667373,0.290064014391521,-0.1646418167994499,39.880001068115234
2021-02-01,-0.0060180960892370905,0.9523892892025874,-0.14607614080206155,-0.04684046060790359,0.2027106159422,-0.20289564137273564,39.63999938964844
2021-02-02,0.021947501142292047,1.0214591859441364,-0.1260308745290254,0.003368468219047571,0.198934143040118,-0.20067091401741666,40.5099983215332
2021-02-03,0.005924504774398542,1.0277048978470689,-0.11933306807062005,0.011618093214640135,0.23452761120402785,-0.16666669267005552,40.75
2021-02-04,0.060368075692580625,1.0197047059040387,-0.06639084258192218,0.05912053377562043,0.2900301787514206,-0.13855663445138588,43.209999084472656
2021-02-05,-0.0020828547672946396,0.9806037599421548,-0.06890876208875452,0.040389900615012575,0.30670926128193843,-0.1230424946584926,43.119998931884766
2021-02-08,0.016233784329290568,1.0190978302947629,-0.05502302361051359,0.03637482893768307,0.3597122086771509,-0.08917066849099742,43.81999969482422
2021-02-09,0.022136038965278493,1.0286525695059965,-0.0353011888429845,0.03829572999916042,0.40897606482381255,-0.06041530027358266,44.790000915527344
2021-02-10,0.0040187609175372785,1.019906096681731,-0.032002854391319224,0.022463763628444378,0.41876581099425464,-0.054258634232460023,44.970001220703125
2021-02-11,0.012675109614224356,1.0211900205175952,-0.01961731863570426,0.024568047416906325,0.393561182525981,-0.06642062207563326,45.540000915527344
2021-02-12,0.020641163983562416,1.0245491997028433,0.0013464687699433764,0.030141823374885357,0.44941630439004304,-0.03247296718486936,46.47999954223633
2021-02-16,0.028614497507602588,1.0222059259747536,0.030560093700011448,0.04120389710223571,0.540222340147643,0.026406172045624343,47.810001373291016
2021-02-17,-0.0060656956117418614,0.9808720044494958,0.025635502961780743,0.022727267129541318,0.8090107532586509,0.1531182119261083,47.52000045776367
2021-02-18,-0.013468000494176735,0.9769817398879083,0.013282058881300074,0.0007257908090601006,0.8042841966852634,0.15382721722113724,46.880001068115234
2021-02-19,0.040315685720704764,1.0198847625856922,0.05492557377581675,0.026909792435072744,0.88957040036589,0.22291873499361947,48.77000045776367
2021-02-22,0.03875331908772961,1.026680632417587,0.0941448310483386,0.04825358333923879,0.9218989011862071,0.2780020339919942,50.65999984741211
2021-02-23,0.004540062039658288,1.0334822145817937,0.09809843591958867,0.03975970774356097,0.9178743723948648,0.25623306586506867,50.88999938964844
2021-02-24,0.13028102078271675,1.0671890060006841,0.23491115326977696,0.12908291814754747,0.9457735043437049,0.41153375356475275,57.52000045776367
2021-02-25,-0.06762863975470279,0.9625407877869712,0.14828337867559926,0.025547879637001003,0.7574110948500649,0.24114793345105534,53.630001068115234
2021-02-26,0.02759648541413573,1.0325607439861373,0.17420208361602807,0.02890109271041852,0.7771613750898341,0.2780612703030676,55.11000061035156
2021-03-01,0.05679551866176746,1.0291156123585625,0.23325819383937696,0.05740951016387075,0.7996675220403396,0.329073529987856,58.2400016784668
2021-03-02,-0.05322805974376421,0.9763367965306311,0.16288632191711772,-0.014089565909582658,0.6975944541677057,0.2310783269158867,55.13999938964844
2021-03-03,-0.006891568232163858,0.9786150861377328,0.1490260929667162,-0.011123986739986602,0.6854868494145907,0.21770061897003012,54.7599983215332
2021-03-04,-0.027757426765089965,0.976970202870899,0.11263208450538387,-0.03721651135182513,0.6408193255297148,0.16908213895784208,53.2400016784668
2021-03-05,-0.005634918149883372,0.9728570992645937,0.10308324792303725,-0.03506855705738332,0.6209737448862349,0.13898449113801004,52.939998626708984
2021-03-08,0.0763128262245385,1.0325031758229695,0.18231097247013084,0.043360434550825167,0.6558993034189853,0.1918008346694613,56.97999954223633
2021-03-09,-0.01281150488067695,0.9714060043593502,0.16203402307418813,0.02582340109544723,0.6462311368985479,0.18371210980933506,56.25
2021-03-10,0.049600016276041714,1.0249245539693213,0.21383452271628145,0.060154439823318695,0.6899999749660521,0.2593856563642991,59.040000915527344
2021-03-11,0.028285876406653365,1.0251804049003006,0.24176721238327192,0.061660595153615994,0.6878539592845319,0.24482260641045905,60.709999084472656
2021-03-12,0.007247610740267474,1.0165779976933667,0.2429809478314906,0.03950636289763687,0.6729310868086837,0.20706675306085032,61.150001525878906
2021-03-15,0.02436627680440795,1.0219582354362005,0.26524365801114325,0.04473129854819069,0.6859765515092746,0.230890158005977,62.63999938964844
2021-03-16,-0.0012771075532711507,0.954942953524849,0.25514116757192684,0.021888286597642637,0.600638992237457,0.08762171202046787,62.560001373291016
2021-03-17,0.026374643141968912,1.0274652746527466,0.2779253659004288,0.03141965158934967,0.7320175081225448,0.19727760219358959,64.20999908447266
2021-03-18,-0.007319691834717923,0.9652758514971459,0.25850863487412723,0.013999380521328098,0.6980266685713896,0.15659591675805973,63.7400016784668
2021-03-19,0.012080333189319559,1.0507876010496306,0.2631373193925908,0.01539383920754589,0.6613484711856799,0.10765797179023595,64.51000213623047
2021-03-22,0.010230910104778612,1.0423884334990967,0.26590388443064183,0.01767696792580531,0.7951737652857409,0.1819005964874898,65.16999816894531
2021-03-23,-0.06843638498977167,0.945244160919064,0.17205860998578637,-0.04645977484178987,0.6411961101291221,0.10865597051342024,60.709999084472656
2021-03-24,0.07231097769479677,1.0438529858595302,0.24567669514540746,0.01964098874592013,0.7477026160324105,0.22276477125753247,65.0999984741211
2021-03-25,0.03410140203898204,1.0455722242436116,0.2722651033171446,0.042718630215361486,0.7780357133110717,0.2716282856278791,67.31999969482422
2021-03-26,0.016934037356154175,1.0258918951475282,0.27701840627852015,0.04755784421829601,0.7500001246090805,0.2014741950590364,68.45999908447266
2021-03-29,-0.018843133695278236,0.9573314720348602,0.23721021105817486,0.021565873148666315,0.7321429266526794,0.19413330078125002,67.16999816894531
2021-03-30,0.020991569161025625,1.0277056631029524,0.24656914949968955,0.01862582643559052,0.7154472553294648,0.1615853788548698,68.58000183105469
2021-03-31,-0.0013123937719756729,0.9704156527850527,0.22930292486689297,0.007146616963037422,0.6892023274109039,0.1281502041940683,68.48999786376953
2021-04-01,-0.0036501680215739185,0.9735380326726382,0.20989149934178064,0.0007625814242746554,0.6740303887434006,0.11594433623832545,68.23999786376953
2021-04-05,0.00468932744492534,1.0234967155128853,0.20205832531703272,0.005160668958139603,0.6541666434870789,0.09450827309432608,68.55999755859375
2021-04-06,0.011522767556287894,1.0321182698373514,0.2020886797028172,0.010284945065001772,0.6705172564758367,0.10853575690183659,69.3499984741211
2021-04-07,-0.015861550083978382,0.9758171671538666,0.17062879589126845,-0.004782851059125126,0.6043388633305932,0.06291856366813597,68.25
2021-04-08,0.012454190097012319,1.0293436819172113,0.17298067983455234,0.0058224164320859195,0.6357648515679003,0.08409156972873211,69.0999984741211
2021-04-09,0.014327031629968845,1.0101726304649778,0.1772362343526488,0.014767600926387514,0.6397794202806593,0.08649812458347905,70.08999633789062
2021-04-12,0.016122199198940645,1.0106398302865225,0.18345459206892456,0.0232464921248714,0.6480665859537038,0.09283417556762719,71.22000122070312
2021-04-13,-0.035804591519952744,0.9860125815500832,0.13065882591010958,-0.011458853031341754,0.7149026449511937,0.13111512443604245,68.66999816894531
2021-04-14,0.018494310562473082,1.0159204699265412,0.14117425924354454,0.001948357029698311,0.6571428146787409,0.07434722090215073,69.94000244140625
2021-04-15,0.015727744291153645,1.018659009035229,0.14810731457071458,0.012081164532210753,0.6302520155365948,0.055258485406516344,71.04000091552734
2021-04-16,0.0078828484146507,1.009860192251527,0.14571455228583097,0.015689253357024535,0.6145984157604216,0.04586619093836086,71.5999984741211
2021-04-19,-0.0050279415925083,0.9881361793090441,0.1297983246548624,0.010525097102221714,0.6593577095348223,0.06059252353390576,71.23999786376953
2021-04-20,-0.10008418679422881,0.9780044283823679,0.011330353649970704,-0.07869398220734758,0.3791238536312029,-0.06517936864036367,64.11000061035156
2021-04-21,0.028700613326675395,1.015093259428408,0.034213693406970336,-0.04125722592557646,0.4372529351874573,-0.037085720466505934,65.94999694824219
2021-04-22,-0.056861203318110065,0.9781966404112004,-0.02637931074762423,-0.0719188040251102,0.372788571716889,-0.08851109744885965,62.20000076293945
2021-04-23,0.06414793616600978,1.0152657751803393,0.031008972896740428,0.0038218131747118633,0.4567676858771008,-0.034568191388309466,66.19000244140625
2021-04-26,-0.011935351055874066,0.9804206273917617,0.01463780780441093,0.009726741757954072,0.427946050347331,-0.05695741939657262,65.4000015258789
2021-04-27,0.012232345622296581,1.0112423893368438,0.02388810550105558,0.015524287095236344,0.46219100733080604,-0.030036674751030223,66.19999694824219
2021-04-28,0.0063444987568235245,1.017548313187922,0.025830590419820387,0.019870822142408207,0.4535233189810355,-0.035889953434193655,66.62000274658203
2021-04-29,0.0016511649026793584,1.019522929206993,0.022811368469422888,0.007579904911582114,0.4348838646604713,-0.04793826732076201,66.7300033569336
2021-04-30,-0.04151062690113172,0.9834421919802235,-0.02365679339786053,-0.02769757118456284,0.367711343106965,-0.10193768620885735,63.959999084472656
2021-05-03,0.0324422233792756,1.0213344221714664,0.003005581396709811,0.0019117647092870005,0.45114047618845526,-0.03837184472254085,66.03500366210938
2021-05-04,0.03657141140613773,1.026560723611059,0.03517824986848339,0.03151035657608858,0.47349687183889627,-0.021304052633002835,68.44999694824219
2021-05-05,-0.017531000755917514,0.9854385473840499,0.012818368434804217,0.011506345530954754,0.43282520270233726,-0.053350237425165314,67.25
2021-05-06,-0.02007432675273002,0.9856741486307079,-0.010070143833806111,-0.006317928749215995,0.4017241646928892,-0.07960889762172796,65.9000015258789
2021-05-07,0.01896813309646328,1.0178731401722787,0.006273311331287834,0.002882458762278217,0.43158251145239057,-0.05741151685197721,67.1500015258789
2021-05-10,-0.03886821371620808,0.9881091593938872,-0.034065488103201425,-0.03177411956194476,0.50847458391674,0.006707226658587029,64.54000091552734
2021-05-11,0.008831727405307355,1.0197887209896228,-0.02643436629539997,-0.013335358281056253,0.4825726889818556,-0.012736866971348904,65.11000061035156
2021-05-12,-0.05882355698282349,0.9802959877353823,-0.08326431548494584,-0.05426263744148763,0.48097597545720744,-0.014791028494500313,61.279998779296875
2021-05-13,0.010117538494329947,1.0172526589282043,-0.07318850967445012,-0.03275203330705878,0.3969245592018504,-0.06481342736503148,61.900001525878906
2021-05-14,0.011954730945525904,1.0170703024512147,-0.06172239120728862,-0.007195626410362976,0.43352596695031886,-0.04220186654182767,62.63999938964844
2021-05-17,-0.02937420451016093,0.983860574635809,-0.08801653728272929,-0.024797110859669624,0.3761468804972963,-0.08157096616490145,60.79999923706055
2021-05-18,-0.026644719608767686,0.984520085938313,-0.11031766892395267,-0.032374093315504004,0.33826081649116846,-0.11167820676482876,59.18000030517578
2021-05-19,-0.015038854090215326,0.9856196065753152,-0.12289972631238033,-0.03751526285173845,0.32253988909464953,-0.12647987437167252,58.290000915527344
2021-05-20,0.012180461027982759,1.0174413837041336,-0.1101743624042969,-0.01637157763965935,0.3858195085642788,-0.07754845458834247,59.0
2021-05-21,-0.0005084538863877608,0.9906073306219622,-0.10781792018097136,-0.004692126542923281,0.3204572598532674,-0.10698874914214807,58.970001220703125
2021-05-24,0.019331852909105995,1.0152020578166365,-0.08768906645223618,0.016917611058607784,0.27336958955502383,-0.12184071161021137,60.11000061035156
2021-05-25,-0.029446022954437656,0.9907034091609642,-0.1115764200819176,-0.010213437299786188,0.2651554806066757,-0.1324907040507377,58.34000015258789
2021-05-26,0.01834075577692218,1.012271160284253,-0.09211252838482764,0.004123981335411031,0.326377684447974,-0.0984825725067423,59.40999984741211
2021-05-27,0.01918867854866857,1.0173967567035913,-0.07187597520774303,0.018057687463514105,0.32238958575216586,-0.09828744808404488,60.54999923706055
2021-05-28,0.0004955011457006275,1.0120480471771076,-0.06868234204309731,0.013077385380302564,0.3762500286102295,-0.061357282744009756,60.58000183105469
2021-06-01,0.016507097553228878,1.0117971557869347,-0.05076252041030427,0.024762052134440937,0.3925745978779788,-0.05421592299502542,61.58000183105469
2021-06-02,-0.04384541543774112,0.988570518191581,-0.08870534247903239,-0.021926904951749426,0.42156869833796373,-0.039164454291609196,58.880001068115234
2021-06-03,-0.004076115389147983,0.9907900941284612,-0.08903255631939533,-0.02341540262494579,0.3907505852441765,-0.05266562287349119,58.63999938964844
2021-06-04,-0.018929069268501908,0.9916743978698025,-0.10224227094141003,-0.03216583866434952,0.33289730855535,-0.08157727746076593,57.529998779296875
2021-06-07,0.02190165414507006,1.0137778533764246,-0.07851760931574214,-0.004975957606578207,0.4316792003607754,-0.033059183334792075,58.790000915527344
2021-06-08,-0.01956117550553016,0.9842042186001918,-0.09170953898995404,-0.011252925069113906,0.4459269550048059,-0.026022320168738844,57.63999938964844
2021-06-09,-0.03435113746014229,0.9759930347531721,-0.11839185632132854,-0.03455213745392105,0.41422047946720675,-0.045119249044558773,55.65999984741211
2021-06-10,-0.01634926068822873,0.986787356285987,-0.12755782308468477,-0.03734570795714842,0.3631681182816036,-0.07203389830508478,54.75
2021-06-11,0.05242007181524677,1.0221894893888723,-0.07688920754811346,0.012796159694390852,0.4632552583932136,-0.02289303477823912,57.619998931884766
2021-06-14,-0.030544921106537615,0.9842788494245267,-0.09940810418030155,-0.007920987948738079,0.3880990318425686,-0.07070370914732793,55.86000061035156
2021-06-15,0.02434659139798745,1.0110900968262844,-0.07223910870510408,0.017751077807013793,0.4698601024876212,-0.019197787606366368,57.220001220703125
2021-06-16,0.022195044227020455,1.0132802207362848,-0.049482081421386326,0.029971141359991682,0.4755059144037476,-0.015485577702545439,58.4900016784668
2021-06-17,-0.042913353807519705,0.9798041127731474,-0.08657211011387711,-0.018480219643731033,0.3866005553742339,-0.07547481011406987,55.97999954223633
2021-06-18,0.0064308791228187,1.0560340510766149,-0.07849515764549297,-0.007714264034263563,0.39648437027062916,-0.06999012133230531,56.34000015258789
2021-06-21,0.05271567647602682,1.0180247996585898,-0.02718061629458879,0.03205263023598537,0.44944321583107266,-0.03686262407057794,59.310001373291016
2021-06-22,0.005058155962134991,1.0129895838791754,-0.01993303902930943,0.0287163897367384,0.5182044711280789,0.01239808982666002,59.61000061035156
2021-06-23,0.012749510379995277,1.012662083869781,-0.00505345358915299,0.03511537336730397,0.5420515130548117,0.029502038885452553,60.369998931884766
2021-06-24,0.020540031479309606,1.0136162145901797,0.017483091250195093,0.036367922595373026,0.5985507470723587,0.07091955358293767,61.61000061035156
2021-06-25,-0.003246238613181407,0.9039790353107187,0.016412631771458575,0.015679262486313128,0.5667005729231511,0.04456538341697458,61.40999984741211
2021-06-28,-0.052922976845390046,0.9776570571984291,-0.03506316780480612,-0.03440032081153088,0.5119595312239263,0.009021520875606814,58.15999984741211
2021-06-29,-0.005845944867261199,0.9865235600103909,-0.037424261139841764,-0.03430537627152275,0.5537313333693926,0.03880704012457059,57.81999969482422
2021-06-30,0.02040816865105266,1.0153367928890715,-0.013901486976564237,-0.010067114093959773,0.6043200644809221,0.07762557077625565,59.0
2021-07-01,0.018983032743809636,1.0107089542797865,0.007820138951163402,0.013793788948241348,0.5671321061018347,0.043387713404079875,60.119998931884766
2021-07-02,-0.01197600497002016,0.9840160215289295,-0.001529622036111511,0.008488990252613071,0.6006826094088912,0.06337273320529357,59.400001525878906
2021-07-06,-0.019191972644125865,0.9850093175010017,-0.017019961884726098,-0.011201652693643704,0.5299538259140494,0.018175412069963315,58.2599983215332
2021-07-07,-0.0072090316005052335,0.9859498689257074,-0.02134049644314029,-0.01839657249540072,0.4803149169662278,-0.011113036540024712,57.84000015258789
2021-07-08,0.00034578937951090793,1.0177343514649833,-0.017990488089299816,-0.014242866624636696,0.5670471115096922,0.03358344200586849,57.86000061035156
2021-07-09,0.0706878691573356,1.0127987336396278,0.05112685260682137,0.04889777648659166,0.6580281862070863,0.09957402547315897,61.95000076293945
2021-07-12,-0.0014527869488216716,0.9856856952253884,0.04961759886223471,0.038721169279205325,0.5857430874319953,0.04299442215506133,61.86000061035156
2021-07-13,-0.020853554846416822,0.9791868095035516,0.028632556941315945,0.009230860524407358,0.5302647871225832,0.016104664899230903,60.56999969482422
2021-07-14,-0.035000808033121444,0.9800477905116745,-0.006379054566598263,-0.028068770355454853,0.44425092819863005,-0.03180384632955913,58.45000076293945
2021-07-15,0.022583399103412338,1.0145148506871213,0.015805577938294846,-0.01239259739469789,0.4468208024932686,-0.029865283790936004,59.77000045776367
2021-07-16,-0.04433664891388989,0.9853021987116252,-0.02874901715718159,-0.040870489907078755,0.3913923818853838,-0.06985834434435567,57.119998931884766
2021-07-19,-0.031862740351143115,0.9789279882813813,-0.05821445516160495,-0.050513385341905526,0.42194321348270625,-0.04917470113230793,55.29999923706055
2021-07-20,0.02839059161816504,1.017983759704023,-0.030609873502835838,-0.010990934856378143,0.47570330434748676,-0.01643031421573138,56.869998931884766
2021-07-21,0.019518210501130007,1.0130068034549953,-0.010791222897879593,0.00996377034294249,0.47381928948324364,-0.017288143351926633,57.97999954223633
2021-07-22,0.07347364901455733,1.03286163103384,0.06012606944174248,0.07491972711322936,0.5468612398135622,0.035262854029388224,62.2400016784668
2021-07-23,-0.030848360087799342,0.9797451876292912,0.027024948799764692,0.03037135532593438,0.5193114585655462,0.01548818426451537,60.31999969482422
2021-07-26,0.013262586888394656,1.0173978819969742,0.04039353166772086,0.023682698251554335,0.5609029003717542,0.04909029682025401,61.119998931884766
2021-07-27,0.0031086787422558437,1.0119476321318894,0.04330367449937289,0.01181637004101943,0.5746236576782038,0.05999310531723556,61.310001373291016
2021-07-28,0.007992135912477716,1.0109824115305739,0.051543483602382256,0.007203609189283533,0.5830522299811661,0.06809537824311906,61.79999923706055
2021-07-29,-0.00032363200664375924,0.9912728605553519,0.04990799779604482,0.008389631759112781,0.495674250955761,-0.0027441804931224167,61.779998779296875
2021-07-30,-0.02573648727750888,0.9883272451406022,0.022213896571184444,-0.017145669062775037,0.46052005763708515,-0.026996475382561225,60.189998626708984
2021-08-02,-0.027911618931825144,0.9870347674643617,-0.006731033702351619,-0.036364850170943264,0.452181965624166,-0.03401025893462317,58.5099983215332
2021-08-03,-0.00666551701993312,0.9757090576395242,-0.013071051885246376,-0.03262316723094727,0.4916708292622058,-0.005645882407993463,58.119998931884766
2021-08-04,0.0017206175267752144,1.010636089027012,-0.011616288027642474,-0.019270904440418457,0.4583109578210393,-0.025932729215149553,58.220001220703125
2021-08-05,0.029714866127847683,1.0114652298679179,0.015903693113912487,0.01613616049831612,0.5800792558687382,0.04954485090991412,59.95000076293945
2021-08-06,0.03135948363953034,1.013648187339881,0.044628632371914057,0.04220749095531717,0.6841511548975164,0.11808323117693487,61.83000183105469
2021-08-09,-0.020216722674786913,0.9899614748164236,0.02223162596189976,0.014060945809410086,0.6065479984460758,0.06523655651222238,60.58000183105469
2021-08-10,0.008748741552945694,1.0106822678271772,0.028896146685945645,0.012794579587026789,0.5929887111744754,0.05398415130781675,61.11000061035156
2021-08-11,0.019309446790872764,1.007797812477792,0.046530200917445974,0.018609361970061578,0.5018181535705141,0.0008033296226250819,62.290000915527344
2021-08-12,-0.009953487517568527,0.9938202751387873,0.0347315129017669,0.0028294115984610624,0.554216786255084,0.022380611421603414,61.66999816894531
2021-08-13,-0.03129554966405668,0.9919241437141199,0.0007706239323865827,-0.02190639753042356,0.4491900932493913,-0.022578489488455422,59.7400016784668
2021-08-16,-0.0005022195037024391,0.9899855636046768,-0.0011417353669559427,-0.01960464017610042,0.4403874049061775,-0.026096921431735254,59.709999084472656
2021-08-17,-0.036174843083757624,0.9921570173018563,-0.036566136466315236,-0.04389288589631535,0.35917830077401175,-0.06877022738620586,57.54999923706055
2021-08-18,-0.019982584299342188,0.989440163131273,-0.05454786720948268,-0.04429454732418514,0.3341554608962987,-0.08708315570930159,56.400001525878906
2021-08-19,-0.02358159211120625,0.985881471271136,-0.07478810714268613,-0.04548134187632269,0.33959906009318275,-0.08506394830872777,55.06999969482422
2021-08-20,0.04412566403925666,1.014463244626338,-0.03229199537183136,0.004436992837210552,0.469778631169975,-0.017261978302971492,57.5
2021-08-23,0.03530432659646743,1.0104034254365424,0.002665388944589342,0.0405523324256698,0.5384196095787763,0.024260149231327244,59.529998779296875
2021-08-24,0.010246944781791445,1.0078728687303427,0.01209583151241067,0.04178214240609601,0.5509013283883855,0.032978325810521625,60.13999938964844
2021-08-25,-0.0013301964943350786,0.9875504224315766,0.009797886913718079,0.027369167465876032,0.5031958342883007,0.0018348725429802037,60.060001373291016
2021-08-26,-0.010656063764765689,0.9889235559044433,-0.001138920015310796,0.0015169160189343334,0.424545914906221,-0.03897790054566885,59.41999816894531
2021-08-27,0.04358802141366436,1.0147927401886259,0.041572157237464324,0.029519178151355296,0.541305499047648,0.02360509156910373,62.0099983215332
2021-08-30,-0.013546205052810012,0.9816244953696646,0.026699703568903832,0.010072640252550169,0.5017025411248982,0.000981796072565988,61.16999816894531
2021-08-31,0.0006539303044748035,1.010663083042389,0.02610093724924334,0.007174121631637442,0.46723296082945576,-0.01733828568279039,61.209999084472656
2021-09-01,-0.002940700994413903,0.9903113724442069,0.021717549235488853,0.0010169314423777998,0.4800498954763496,-0.01037780782634623,61.029998779296875
2021-09-02,-0.018187786867990385,0.9854260846096755,0.0022706379502424046,-0.018798722142599145,0.5059131547611141,0.003012997747259716,59.91999816894531
2021-09-03,-0.001835727620420835,0.9867374186922286,0.001326813671990168,-0.013492078802530783,0.5032680488171571,0.00167479970443285,59.810001373291016
2021-09-07,-0.026918585075815238,0.9910417519585325,-0.024132581202535808,-0.03054933674313076,0.5220339500297935,0.011294553162397358,58.20000076293945
2021-09-08,-0.016323036949930647,0.9907087143437285,-0.03872389239838192,-0.03362479023414833,0.5292095634309302,0.015070894523488088,57.25
2021-09-09,-0.009781683376262285,0.9898795010424397,-0.0474230287164118,-0.028848479902536583,0.5587807919786179,0.029417086269514225,56.689998626708984
2021-09-10,-0.0003528039909714842,0.9808371946909605,-0.04651742530610703,-0.0182593309772755,0.46350036804941863,-0.014434814453125,56.66999816894531
2021-09-13,-0.014646162752344205,0.9824281731560136,-0.05997617269929023,-0.019146309475020606,0.3185841736980988,-0.061985531704601304,55.84000015258789
2021-09-14,-0.01325217901942466,0.9851813433112289,-0.07235545550023337,-0.021488201563214404,0.2553398338718351,-0.08380447234249311,55.099998474121094
2021-09-15,0.025771361578340368,1.0106118151393224,-0.048308597596002034,0.006338602787570924,0.34793819669799475,-0.05894107283689809,56.52000045776367
2021-09-16,-0.004777078124148959,0.9924316842293267,-0.05216464148166611,0.003102941561825112,0.3593612703106319,-0.05334901155554139,56.25
2021-09-17,0.030755547417534723,1.0589611499786291,-0.021257024190479146,0.02914551146472344,0.3064362458408455,-0.06498949989323644,57.97999954223633
2021-09-20,-0.032597437126084206,0.9869708685615556,-0.05146828074870202,-0.0052848048202707165,0.27835965396110934,-0.08304721543929072,56.09000015258789
2021-09-21,-0.005348533361462349,0.9938944770486864,-0.054410767148229344,-0.013020544445285664,0.2687714332584281,-0.08854759434754222,55.790000915527344
2021-09-22,0.01666965925639463,1.0076011867379864,-0.036774733193796094,0.002722498559119879,0.32718535939522825,-0.0706209674717514,56.720001220703125
2021-09-23,0.03191109872425546,1.0103378610729024,-0.004655331911691318,0.02644590954365511,0.4472285655693545,-0.023197587318499524,58.529998779296875
2021-09-24,0.02528617073472117,1.0130542378409808,0.021281641035969745,0.044960619368459076,0.5068774737155831,0.0033438713200146797,60.0099983215332
2021-09-27,0.03366106506020072,1.0233432259148305,0.0548332902346913,0.0582434693450975,0.6280935726054229,0.06580752519158528,62.029998779296875
2021-09-28,0.0012897280772055097,1.0154169203094328,0.0545797356256843,0.03724116708688863,0.6725852265030393,0.08489084035548577,62.11000061035156
2021-09-29,0.02189664461418306,1.0143071731208364,0.07522967634630495,0.03658340184898501,0.7278226514553916,0.11959786132010608,63.470001220703125
2021-09-30,0.0025208735518333913,1.0122990284298816,0.07547602403493014,0.02216869185727277,0.7316911680109961,0.12281636005035113,63.630001068115234
2021-10-01,0.048090544113229106,1.0111261997074124,0.12399512172272042,0.048815801862181374,0.8144927504182345,0.19430519805103397,66.69000244140625
2021-10-04,0.01829361487540826,1.0173620798162577,0.1416324069502246,0.04860877943933728,0.8612521929664139,0.23248648897884783,67.91000366210938
2021-10-05,-0.008393569334127271,0.9805363349382992,0.12884293689453385,0.02327977403692527,0.8204973431596388,0.19143658514674877,67.33999633789062
2021-10-06,-0.009355469077498069,0.9855807691557238,0.1156637680048791,0.003822056152807063,0.8033641459284979,0.1859555392795138,66.70999908447266
2021-10-07,-0.00029975480948640776,0.9851190476190477,0.11328129437090406,-0.005636046215465207,0.7804250304033532,0.15022426643561793,66.69000244140625
2021-10-08,0.0001498651442504162,1.015809111675297,0.11111569177479197,-0.00551666539832385,0.8886446364369324,0.18916022048120418,66.69999694824219
2021-10-11,-0.007796051976882601,0.9830454824223,0.09950450177787462,-0.008152969339721872,0.8745494970208496,0.18623407813489967,66.18000030517578
2021-10-12,0.0033242855800639237,1.0070705037901657,0.10010274933065988,-0.0020439842345721937,0.8677812774833658,0.17066290720816357,66.4000015258789
2021-10-13,0.01054212247223174,1.0111574431803043,0.10732009084471161,0.007295741669942624,0.8556017821765879,0.1464206368282992,67.0999984741211
2021-10-14,0.04008945607418646,1.0124704378816725,0.1453845905985307,0.03801649902817528,0.8687784250361549,0.16297288564470458,69.79000091552734
2021-10-15,0.012322690916604095,1.0178538895973765,0.15213388139847628,0.038604036154249455,0.8561985055212233,0.13896506394030506,70.6500015258789
2021-10-18,0.0066525295194928,1.0122861745378302,0.15339397976009894,0.03054543669637888,0.8606886980487927,0.1450652398597596,71.12000274658203
2021-10-19,0.004499433105542128,1.0096237638767855,0.1530159334109935,0.020279937102932744,0.848035080565095,0.12557115278742748,71.44000244140625
2021-10-20,0.02071662481748837,1.0181383770530767,0.1708648332849123,0.024387460398347827,0.8637432387664272,0.14600026630339413,72.91999816894531
2021-10-21,0.004388366742451355,1.0100256785148236,0.1698138509436693,0.019005444305494557,0.8265204985962054,0.09821555229538492,73.23999786376953
2021-10-22,-0.00491535528197562,0.9932487501064386,0.15784076428546778,0.007743329106150831,0.7709922965499626,0.07318499960679015,72.87999725341797
2021-10-25,-0.016191003699858708,0.9898287855778181,0.1347270352708645,-0.010160715691064026,0.722904292282753,0.06474607733084015,71.69999694824219
2021-10-26,0.009762965236135512,1.0184418749961335,0.14073685707745187,-0.0031392414956378234,0.7888328797002149,0.0852945963048386,72.4000015258789
2021-10-27,-0.009668571310547658,0.9834106813101371,0.12505879713433754,-0.009449618390079295,0.7378915046356004,0.07512362158387553,71.69999694824219
2021-10-28,0.08493729744063061,1.0257083382233945,0.21264557606399936,0.06134202357478169,0.8338349929516556,0.16626693365354672,77.79000091552734
2021-10-29,0.1464198387401603,1.0377947065731234,0.3745270211282845,0.16492934513276736,0.9184860044532548,0.3475370186452118,89.18000030517578
2021-11-01,0.02332363561265849,1.0270758018000243,0.38974446275851804,0.13414363483825054,0.9236535580163998,0.37439759094979186,91.26000213623047
2021-11-02,0.012053456589657285,1.024441092221902,0.38843895595292777,0.09356130159504739,0.9246804134237264,0.3764530955387826,92.36000061035156
2021-11-03,0.04655698379538431,1.0166112407140848,0.43187277578327254,0.08060371171871394,0.9285485004170003,0.3850122136995675,96.66000366210938
2021-11-04,0.011793910060602597,1.019388613122847,0.4270341668741269,0.046526569872882284,0.9291810114744794,0.38428876064403106,97.80000305175781
2021-11-05,-0.011860977770066894,0.9859133942493441,0.3898436589124654,0.017863136038199556,0.8948017456008841,0.3588300851730897,96.63999938964844
2021-11-08,-0.005277340019158694,0.9857930930250133,0.3627680239673108,0.00221018430541986,0.8797290310861873,0.3456046188164956,96.12999725341797
2021-11-09,-0.03172782179867206,0.9750260088703937,0.3020048549302552,-0.031042443154768784,0.7957745532955923,0.2764674186551883,93.08000183105469
2021-11-10,0.008702165262780559,1.0123491455559361,0.2963934492993081,-0.016940997511779576,0.79866925937966,0.2819497832903963,93.88999938964844
2021-11-11,-0.0021301198161924884,0.9905363126012382,0.2771265287499345,-0.010518953372060103,0.8023830043485982,0.28553795241824487,93.69000244140625
2021-11-12,-0.004482930807932384,0.9925404061334439,0.25629269649800457,-0.007892640008787977,0.8205050361914263,0.3008368286318739,93.2699966430664
2021-11-15,0.021335966171196263,1.0179766405236135,0.26639327686049197,0.015153793138706018,0.8271320696872998,0.3157458581293042,95.26000213623047
2021-11-16,0.00755827424477129,1.017431935083363,0.25914633109598406,0.016543482708276214,0.847253953764055,0.33863329765855266,95.9800033569336
2021-11-17,-0.012190099577187863,0.9888211548204684,0.22845089426498322,0.0021986546839209975,0.78328873966483,0.2187941437556804,94.80999755859375
2021-11-18,0.020883908953904573,1.0145226958442832,0.23875344764829043,0.016466791197905062,0.6844399704439837,0.08533304086465554,96.79000091552734
2021-11-19,0.0029961867216061755,1.0139292405441365,0.2279009943781516,0.011418576618446474,0.654458433003334,0.06377382816774735,97.08000183105469
2021-11-22,-0.01823242932711544,0.9823790905682609,0.19295936437187322,-0.007125473298406737,0.5756020800729543,0.031940200614415826,95.30999755859375
2021-11-23,0.02381706358837543,1.0084560026169447,0.20796481141598555,0.01314452616330053,0.5263156975866183,0.009517878482203646,97.58000183105469
2021-11-24,-0.02654236440545843,0.9860626800957988,0.16454265547097835,-0.014115227153403853,0.4257791702956275,-0.028732158489823023,94.98999786376953
2021-11-26,-0.03284551202603525,0.9896706562203593,0.11662790341954077,-0.03665874217440257,0.3858307430306523,-0.04935840928386159,91.87000274658203
2021-11-29,0.00598667035942535,1.0117556465328599,0.11459847839411541,-0.021327079999300613,0.41137132523541575,-0.03859356278449022,92.41999816894531
2021-11-30,-0.035922957807845934,0.9836391412191796,0.0677371812623524,-0.04390936293687753,0.40613208412911084,-0.04275895228448234,89.0999984741211
2021-12-01,-0.040179594751558745,0.9754346119804278,0.019284362666054156,-0.05794230234590014,0.3254068767607349,-0.08914690383419943,85.5199966430664
2021-12-02,0.024204861740859895,1.0225988700564972,0.03750114140098959,-0.019148960419366978,0.38196594884295515,-0.0651083994509507,87.58999633789062
2021-12-03,-0.05742663534192827,0.9720408504938892,-0.02665329297738317,-0.05578810152269231,0.32413806063172346,-0.11482791326195274,82.55999755859375
2021-12-06,0.019500976961741356,1.017051326214261,-0.01275549620940708,-0.018860438708518945,0.31559696620715255,-0.11641826284472934,84.16999816894531
2021-12-07,0.013900418134700443,1.0141518487157777,-0.004624675015591606,0.00357494871942432,0.3256880263798962,-0.11085649767561023,85.33999633789062
2021-12-08,0.024607525118714335,1.0114328971317565,0.013650226167160495,0.023647908168596965,0.3828300118188858,-0.07773436670149425,87.44000244140625
2021-12-09,-0.023444682005029915,0.9866161101969612,-0.01533388236334432,0.004824671878572051,0.319162480626985,-0.1177807771262257,85.38999938964844
2021-12-10,0.01182810801557288,1.0102689104691571,-0.008435167531075982,0.007603698702869366,0.3343673083417126,-0.11001236200800502,86.4000015258789
2021-12-13,-0.023148147739337155,0.9846621024734983,-0.03519424233774959,-0.01624820750046463,0.33199887497594516,-0.11446853753204334,84.4000015258789
2021-12-14,-0.025355442546908802,0.9823485213802694,-0.06264152199888928,-0.03425766300555222,0.26314165405913714,-0.15699937904642114,82.26000213623047
2021-12-15,0.03330899334565829,1.0392707512814365,-0.035146215408289216,0.0036603976989191267,0.3462604105783946,-0.10516894503036778,85.0
2021-12-16,-0.01847058464499085,0.9675187011874293,-0.05578378579586529,-0.010296813472972177,0.3636069525626281,-0.09186896907674524,83.43000030517578
2021-12-17,-0.06316668612956322,0.946077429609446,-0.11665645341349784,-0.054325441994863666,0.30005618280421087,-0.15429555063145994,78.16000366210938
2021-12-20,-0.025076850333073386,0.972045049531684,-0.139615006141667,-0.059375430513140315,0.3119533890849867,-0.14478116438605426,76.19999694824219
2021-12-21,0.040419973154943056,1.0218701003691313,-0.10674953075639071,-0.014102036467887324,0.40769236846352397,-0.0729653660980989,79.27999877929688
2021-12-22,0.02371348274167029,1.009948956477091,-0.08781824243809422,0.019009152725311562,0.40434409937775406,-0.07341012609449893,81.16000366210938
2021-12-23,0.03080335001472112,1.0179135365328484,-0.06286926603806131,0.04979172630222517,0.517696356156044,0.01332371773309382,83.66000366210938
2021-12-27,0.038608601316640456,1.0180683600980098,-0.029162020061723082,0.06694662035755305,0.5415902172066813,0.03231556706516203,86.88999938964844
2021-12-28,0.021751633132979453,1.0194791702739203,-0.007933862689467053,0.05748383490584352,0.5514662037590847,0.04030938116971661,88.77999877929688
2021-12-29,-0.005181336909185985,0.9915872665409852,-0.012262841820087078,0.02982671376925028,0.5138451396469401,0.010064012223783392,88.31999969482422
2021-12-30,-0.012681190562183198,0.9939024042112234,-0.023379566588355716,0.0026445585170176145,0.5293354489545381,0.021196833019455186,87.19999694824219
2021-12-31,0.0010321556242551821,1.0124825514266182,-0.019799940116364656,-0.004629609491156206,0.5148680112546922,0.010300918679750914,87.29000091552734
2022-01-03,-0.0011455891061092904,0.9902074255628177,-0.01799789922265227,-0.006449670860428358,0.5497681105535215,0.033056882287755274,87.19000244140625
2022-01-04,0.034407614588795044,1.0187990603334671,0.017638607408826612,0.024444012144635652,0.6372446932939249,0.09640165450084637,90.19000244140625
2022-01-05,-0.025834369309042038,0.9828469554751956,-0.006333402685582246,-0.0009778734721149762,0.5502106655036845,0.03364706600413614,87.86000061035156
2022-01-06,0.0360801063842906,1.0131207763745915,0.030115270152591966,0.02612947193826476,0.6263297221384516,0.0910943119539891,91.02999877929688
2022-01-07,-0.010436086575651427,0.9881279157771076,0.02046482544331507,0.009073603666129637,0.7313663363756124,0.15250764598830124,90.08000183105469
2022-01-10,-0.06338808801515983,0.9805603822762815,-0.0416910094697307,-0.048880554556672284,0.6384277398663628,0.10721792815673226,84.37000274658203
2022-01-11,-0.01837149462248422,0.9763335684432035,-0.056496842271317904,-0.050577781095852314,0.5632594798215083,0.04465187903675627,82.81999969482422
2022-01-12,0.020767945267338828,1.0226340519789123,-0.03395276830153815,-0.023426668738351752,0.560747614854338,0.04164609537833175,84.54000091552734
2022-01-13,-0.0017743260498517266,0.9851297859670017,-0.032463333296434915,-0.00997186199846778,0.5143305004427264,0.008725743432756783,84.38999938964844
2022-01-14,-0.04218506439556191,0.986695113639731,-0.06955058341612452,-0.03069911327937136,0.3825582007405835,-0.06974332605779376,80.83000183105469
2022-01-18,-0.0649511305340954,0.9812120848098985,-0.12464130384010041,-0.07413757897720508,0.2736626321931105,-0.148682103286088,75.58000183105469
2022-01-19,-0.035326780950781234,0.9702133911191098,-0.14961360548288627,-0.08462018499245916,0.25438325337102713,-0.1744791223501092,72.91000366210938
2022-01-20,-0.06268011376597615,0.9749015748031497,-0.1965978703003739,-0.10561450344194423,0.22917868117113158,-0.21628441823852318,68.33999633789062
2022-01-21,-0.0522388043038986,0.9676801408250172,-0.23115277685264002,-0.1064481887739932,0.20600518958147504,-0.25799065226559104,64.7699966430664
2022-01-24,-0.0007718916929824182,0.9552780824483026,-0.22478251050937703,-0.06560404715676071,0.20627449384701804,-0.25771304727056865,64.72000122070312
2022-01-25,-0.049289282775628385,0.9425008926258602,-0.2562350750751964,-0.07409637642675726,0.12721121433595683,-0.31777362109208196,61.529998779296875
2022-01-26,-0.05720787465622468,0.941830579985738,-0.2914160282405346,-0.08608249186604766,0.12339135144719293,-0.33974507263207854,58.0099983215332
2022-01-27,-0.06912598582242502,0.923331729669619,-0.3332510191153436,-0.10899909419349141,0.04250064662274397,-0.40678896271411,54.0
2022-01-28,0.016666694923683556,1.034705138718054,-0.3156703824494398,-0.0636512219529608,0.06481945499101428,-0.3905417361242507,54.900001525878906
2022-01-31,0.07213112885991424,1.0450158913608785,-0.25968083768830064,0.02436478883844817,0.1701577668586016,-0.3023586737676611,58.86000061035156
2022-02-01,-0.0016989855212602434,0.9808354662369261,-0.2553660207601711,0.032580019218148015,0.17678669910969574,-0.29050955641086085,58.7599983215332
2022-02-02,0.011061973186624607,1.0279634670833266,-0.24117649468502889,0.03889063379154423,0.15242050683864847,-0.2972557463445643,59.40999984741211
2022-02-03,-0.014643981385612848,0.9748577965119012,-0.2458347887697021,0.007677224317698794,0.14944403921264324,-0.30631589834200124,58.540000915527344
2022-02-04,0.027331712488865012,1.0181957002210167,-0.21834943460966993,0.016874633523447757,0.20366656730169921,-0.2559693427281008,60.13999938964844
2022-02-07,0.020119705632736018,1.0294895373710424,-0.1963452613138198,0.028672017135692007,0.2695172968763477,-0.18827736189716127,61.349998474121094
2022-02-08,0.025427895877602413,1.0276020701552617,-0.16952140114323733,0.040350589794971414,0.3319892168169152,-0.13715544249648925,62.90999984741211
2022-02-09,0.019233872231835702,1.0205110986756203,-0.1478446604400816,0.04409565654615699,0.4200758835719782,-0.061749982695987526,64.12000274658203
2022-02-10,-0.038521539533695526,0.9813414830304005,-0.17502181208911904,-0.006190135544923869,0.4383400248844886,-0.0481703763917285,61.650001525878906
2022-02-11,-0.021735606154452358,0.9872301113081313,-0.18623163492854256,-0.02832376422137539,0.4170741151418474,-0.06813967497271001,60.310001373291016
2022-02-14,0.04941136584944683,1.023764602891901,-0.14018081357109036,0.013353394656614448,0.5333586393188496,0.028603968326790463,63.290000915527344
2022-02-15,0.04929693002764024,1.0271640976875502,-0.09417950258152907,0.051523236305073494,0.6616628757082994,0.14480271649065202,66.41000366210938
2022-02-16,-0.00903487532644065,0.9766186792209097,-0.0991718951779732,0.036475832594884405,0.7616302555152508,0.21870365849247686,65.80999755859375
2022-02-17,-0.030086549171745247,0.9784324387878075,-0.12163066775999931,-0.0015641988955076291,0.6887948593707961,0.16265938173000483,63.83000183105469
2022-02-18,-0.002663355456146488,0.9791436661184088,-0.11866401991923003,-0.014551097591729789,0.6208458288922997,0.08154942554003952,63.65999984741211
2022-02-22,-0.050109937705861696,0.9744730463596478,-0.15605394234211933,-0.05568741891102602,0.5372549515001728,0.029101479714359835,60.470001220703125
2022-02-23,-0.021663657133225045,0.9762680646075376,-0.16627031288518224,-0.05474068018857159,0.4947056350539696,-0.0042080457943459715,59.15999984741211
2022-02-24,0.04158213473322503,1.0333067266526377,-0.12321206277026464,-0.002072964356946261,0.5611110514013634,0.052613562832050986,61.619998931884766
2022-02-25,0.03326840753967941,1.0291666666666666,-0.08602848144644382,0.03166113452321451,0.5688108678232409,0.05869635542271845,63.66999816894531
2022-02-28,0.004397716382073202,1.0278017862287525,-0.07428517084159991,0.0352251915706836,0.5525890161156988,0.04237982646267069,63.95000076293945
2022-03-01,-0.05582485773625068,0.9683915464906133,-0.11736758733573383,-0.02228121467037847,0.45267493940442227,-0.04021616254066718,60.380001068115234
2022-03-02,0.04968532538804804,1.0211075563680683,-0.06538127253819581,0.012460080960307263,0.4870266222189467,-0.011540886568446762,63.380001068115234
2022-03-03,-0.025717908498667508,0.9763299042901582,-0.07976946216543546,-0.013987803957380751,0.5018063303008703,0.0016220352254026071,61.75
2022-03-04,-0.04631579935792007,0.9795152737664085,-0.11281515627258543,-0.04507866138284189,0.47568490452873674,-0.02354504976468863,58.88999938964844
2022-03-07,-0.05671591419943178,0.9730336903359673,-0.15179834027891048,-0.07401235046230958,0.3690798491001201,-0.12229422604681761,55.54999923706055
2022-03-08,-0.030062973751242894,0.9572631072631073,-0.16576992330387763,-0.0819560243988271,0.2771255670307072,-0.18867643281193203,53.880001068115234
2022-03-09,0.06904226674574532,1.0353239705549833,-0.09883484766355666,0.0011471276245718087,0.36855587243591964,-0.12475306775635275,57.599998474121094
2022-03-10,-0.0039930477140491805,0.9810640070534754,-0.09340878293036758,0.01256661934775849,0.3904341417998565,-0.1012063718291637,57.369998931884766
2022-03-11,-0.0055778229175871274,0.9598057483963525,-0.0885671628534872,0.01350150747295742,0.38845762364036224,-0.1038328719163557,57.04999923706055
2022-03-14,-0.00911481971459649,0.9638436230253155,-0.08671227387105829,0.000778944902239731,0.4269287356230762,-0.06515631489779616,56.529998779296875
2022-03-15,-0.01875106282475203,0.9691003725423789,-0.09456319796965262,-0.02348422864018651,0.4309247607601689,-0.06237320209983743,55.470001220703125
2022-03-16,0.04020190180569205,1.057791879339679,-0.051240404879499435,0.015416038643103702,0.4259818957435002,-0.06361568057277167,57.70000076293945
2022-03-17,0.003812779949686984,1.0322729288204557,-0.04171805358917713,0.017318272763171105,0.38336711108029775,-0.0903094104815686,57.91999816894531
2022-03-18,-0.0018991160071077928,0.8349967573759169,-0.039353897003668314,0.012682642179900006,0.3745914547623122,-0.09601249908360776,57.810001373291016
2022-03-21,-0.0774952332782014,0.9282630623360903,-0.1095675702317287,-0.055203181859996286,0.3611657624222242,-0.11676050202628152,53.33000183105469
2022-03-22,0.023813924610196935,1.0682292345807798,-0.08449555630232553,-0.029712852650024102,0.3144546003166877,-0.13852954316864352,54.599998474121094
2022-03-23,-0.02875457396886849,0.9287639740811946,-0.1076409411417747,-0.04170734319093905,0.315254080031759,-0.14121459466725705,53.029998779296875
2022-03-24,0.03318880212604447,1.0552330675545432,-0.07677400383926136,0.0014256587307641677,0.40888886100861344,-0.06962130271038491,54.790000915527344
2022-03-25,-0.008395675794600987,0.97212160212565,-0.08465235745423794,0.005813119496351549,0.4689093164822863,-0.021962149824692134,54.33000183105469
2022-03-28,-0.033499051135337576,0.966805820992729,-0.11442415699857256,-0.024920176616262557,0.4653514540237071,-0.025426925007853485,52.5099983215332
2022-03-29,0.048371757697919016,1.072941514268045,-0.07009351161716415,0.02054056994414566,0.43141473204254654,-0.044270821260632975,55.04999923706055
2022-03-30,-0.06394188022792835,0.9706248649093735,-0.12688766373346783,-0.03937215325317689,0.36654474625543243,-0.1017953679853072,51.529998779296875
2022-03-31,-0.012419937993586205,0.9577638039086773,-0.13460844701373786,-0.037304682764282227,0.3612612217860521,-0.10797545889203941,50.88999938964844
2022-04-01,0.02141874957085599,1.0586802480070858,-0.11360081344300188,-0.00786378682161859,0.400087820155312,-0.08048822457655713,51.97999954223633
2022-04-04,0.010388628708789538,1.0632503660322108,-0.10147344343856568,0.002404874180443217,0.4337078366582354,-0.05318191270993555,52.52000045776367
2022-04-05,-0.024562088809667038,0.952738324743282,-0.11973299108527102,-0.007747433731289832,0.34819329042827735,-0.11213173544459965,51.22999954223633
2022-04-06,-0.03864922037728946,0.9485562082528932,-0.14875965364321841,-0.037597213319431444,0.31209366528751104,-0.1496891996380253,49.25
2022-04-07,-0.04730968184882611,0.9326077492381367,-0.1829591927946672,-0.0686780747266642,0.2846974858148043,-0.18837576449837323,46.91999816894531
2022-04-08,0.003623230824316037,1.0570908411912987,-0.1747681247886581,-0.04679971514167658,0.351286950776058,-0.11700734041290006,47.09000015258789
2022-04-11,-0.013590982959749809,0.9669353058070215,-0.18101071897732313,-0.03606704931328242,0.2997544535865916,-0.14926736151914943,46.45000076293945
2022-04-12,0.01700755441445878,1.042838385568305,-0.16114708851164883,-0.003165192522433413,0.35206965239492477,-0.1091834288913941,47.2400016784668
2022-04-13,0.018628222314799325,1.0275353909149634,-0.13852600459879727,0.020269675900201234,0.32156233945977447,-0.1217375775175853,48.119998931884766
2022-04-14,-0.023898539831837762,0.9708690278310531,-0.151963217273117,-0.004324401709369874,0.31011355118700434,-0.1354684403147698,46.970001220703125
2022-04-18,0.012348264877237725,1.035152220197985,-0.13513613013458348,0.0060085234343760785,0.3632855774156456,-0.0944581840224259,47.54999923706055
2022-04-19,0.054258714457430024,1.0459706746111683,-0.08256542812499013,0.04433149914438306,0.3646865212773234,-0.08937326497968578,50.130001068115234
2022-04-20,0.002194306962054471,1.044223927344233,-0.07622857532503113,0.0337023422250422,0.45633049895567185,-0.025033905130779077,50.2400016784668
2022-04-21,-0.016918834801366578,0.9588429431178412,-0.0877607846083639,0.010930057007923377,0.44993325554544306,-0.029475339319911975,49.38999938964844
2022-04-22,-0.038469279908107445,0.9739927110751164,-0.11709338553660009,-0.030024487613547257,0.3578214818418971,-0.08637933634688055,47.4900016784668
2022-04-25,0.015371647008539213,1.024383906206151,-0.0970375420514441,-0.017802578083846,0.365456841043852,-0.08187355673232688,48.220001220703125
2022-04-26,-0.04832023583720502,0.9736294732997148,-0.13334152879141237,-0.04883308976811329,0.34312573416670944,-0.1042358032462084,45.88999938964844
2022-04-27,0.011985165490863148,1.0346922611976073,-0.11714386011005751,-0.02202757513755038,0.4098780838425917,-0.05705586544753327,46.439998626708984
2022-04-28,-0.018949123157636305,0.9496107244654386,-0.12647510070757095,-0.024828747283967445,0.45190957492011125,-0.028985440083721725,45.560001373291016
2022-04-29,-0.07089551020360318,0.9455581010563828,-0.18077835095257289,-0.07349848146862703,0.36162790052951116,-0.10108299651962549,42.33000183105469
2022-05-02,0.023623906372391534,1.050173301477269,-0.15506412042703643,-0.030865550446388723,0.41116172997017103,-0.06716897482538009,43.33000183105469
2022-05-03,0.03577196334087529,1.0483209433478595,-0.12026303956575224,0.008358050556376728,0.43558947509576307,-0.04995767414266017,44.880001068115234
2022-05-04,0.012032020676882693,1.0368219423727432,-0.10597154472178072,0.025189538031077596,0.42491651898321936,-0.05610974278618297,45.41999816894531
2022-05-05,-0.03434605067114149,0.9727206619366757,-0.13080096648799777,-0.0023655738761788614,0.4154431211580755,-0.06621248732224339,43.86000061035156
2022-05-06,0.00045600678261159544,1.0326712868486452,-0.12455357937051181,-0.008899116328155099,0.39708358490089696,-0.07718187650537145,43.880001068115234
2022-05-09,-0.03737464333928919,0.9568968890628057,-0.1510016732024153,-0.041220238309129686,0.2664297442638353,-0.15739076843281385,42.2400016784668
2022-05-10,-0.01680878008894282,0.965270820127998,-0.15893294842226702,-0.04277880604635753,0.2510004041530267,-0.17336788630926914,41.529998779296875
2022-05-11,-0.0679027155721954,0.9583549572640521,-0.20933440980771234,-0.07929790553487137,0.22559082747210538,-0.21623811373065505,38.709999084472656
2022-05-12,-0.031516337764400104,0.9064596341935127,-0.22626845237814763,-0.08045128139487856,0.23375919295755365,-0.21057063900956352,37.4900016784668
2022-05-13,0.043744980427419033,1.0569610221772472,-0.18451557316984335,-0.017327960364548534,0.269172059199324,-0.18851098968212232,39.130001068115234
2022-05-16,-0.04114491608494886,0.9622806916360029,-0.20971427380079988,-0.0348801252291433,0.27938841743066223,-0.18239265729371124,37.52000045776367
2022-05-17,0.040245157332367665,1.0629562590652457,-0.1716717533041059,0.017041863717774053,0.3140992476448108,-0.15956072494692974,39.029998779296875
2022-05-18,-0.030745503094371518,0.9413363405694953,-0.18993138844309587,-0.009685835719766,0.30913570590683137,-0.1696663588506374,37.83000183105469
2022-05-19,-0.014803101934594887,0.951373498017323,-0.19513234886163877,-0.02322046464483707,0.3560863441357894,-0.11953699868679979,37.27000045776367
2022-05-20,-0.011805704891461266,0.9534213111038355,-0.1968466672391891,-0.022973228589455386,0.3090480553548343,-0.15001153300993952,36.83000183105469
2022-05-23,0.007330888668019231,1.0502410354619296,-0.18328714173265526,-0.013612724577216295,0.2528586624360814,-0.17335121231807193,37.099998474121094
2022-05-24,-0.010242513990479929,0.9344181893635484,-0.18456625149411443,-0.01157468461387745,0.2207957494735811,-0.19154551516892337,36.720001220703125
2022-05-25,0.04820262524298946,1.0489206503014643,-0.13732914110570604,0.03240171992685981,0.32995558858353846,-0.1224349944632096,38.4900016784668
2022-05-26,0.028838574883078838,1.038465979804719,-0.10647807552600008,0.04906215221886967,0.3732225653996272,-0.09753879876507443,39.599998474121094
2022-05-27,0.009848566145793436,1.0291708365765966,-0.09209582331682842,0.04194896718314767,0.42802298484761214,-0.05326704333790333,39.9900016784668
2022-05-31,0.004251016799452945,1.0473000552234146,-0.08207813589990764,0.02995484330655751,0.4546056890869466,-0.03298817655077135,40.15999984741211
2022-06-01,-0.008217082111833918,0.9687636121873495,-0.0829711588623332,0.005452646168605968,0.5444446126411969,0.02893316386130551,39.83000183105469
2022-06-02,0.02058748825326151,1.0338646125448157,-0.058357486727415364,0.01508267603171043,0.6295083443475031,0.08428913592786325,40.650001525878906
2022-06-03,-0.016974229163730148,0.970483547925608,-0.0693341721278331,-0.00393842429481539,0.5368888382522633,0.02121129552009493,39.959999084472656
2022-06-06,-0.01651651307641211,0.9845865371008067,-0.08062651247141683,-0.017008530838535263,0.5864078101389588,0.047441331492003025,39.29999923706055
2022-06-07,0.017811724593606026,1.0217393908179522,-0.06035460946131832,0.001301683785663199,0.5511065447248591,0.02485270948093521,40.0
2022-06-08,-0.011250019073486328,0.9832833161399231,-0.0671455048523587,-0.008573162072690765,0.5983980879362517,0.045466490160037676,39.54999923706055
2022-06-09,-0.060935521969714856,0.9707432222990534,-0.11874101346234411,-0.052309263381654425,0.49386207932486653,-0.003488088717963911,37.13999938964844
2022-06-10,-0.02127089199003951,0.9327348202004323,-0.13142178870287213,-0.05505877180470198,0.4780619933929691,-0.013032944150680459,36.349998474121094
2022-06-13,-0.06740019397762642,0.9338749391022687,-0.18358988739526771,-0.09329191786365365,0.37804885140353,-0.08625329056210951,33.900001525878906
2022-06-14,0.014749261872991415,1.0527599577017976,-0.16493703884805122,-0.05150541808389908,0.41238670433728836,-0.06318081747546833,34.400001525878906
2022-06-15,0.001162706367904942,1.0443569448350678,-0.15592894260729362,-0.02286787958440384,0.3240658130048428,-0.10522221031815604,34.439998626708984
2022-06-16,-0.04616725365821617,0.9509611562087229,-0.18622658758215993,-0.04472494077889899,0.21851537937314233,-0.17045455202255066,32.849998474121094
2022-06-17,0.04018264097832769,1.0786595644258647,-0.14547233015124217,0.006420785426310305,0.2747675676186388,-0.14553646574752088,34.16999816894531
2022-06-21,-0.005560393236475503,0.974583687553133,-0.14298506648625942,0.0003532817627460716,0.2612054566111914,-0.1538844703350769,33.97999954223633
2022-06-22,-0.0067686740828364345,0.9708934641780514,-0.1409481428915339,-0.002600595930631777,0.26323973656002136,-0.15264879617239246,33.75
2022-06-23,0.022814828378182828,1.0261210791956241,-0.11494554260684875,0.019672745978567052,0.2603595599049278,-0.15079952861041612,34.52000045776367
2022-06-24,0.06344144257438566,1.0852400757117289,-0.05288960609658688,0.060185977786929135,0.38628406133843884,-0.08133133319472119,36.709999084472656
2022-06-27,-0.0013620059468129053,0.9636937460697886,-0.048718789076364066,0.04373078437470257,0.40350874257695213,-0.06717555829260358,36.65999984741211
2022-06-28,-0.06246592812490148,0.9746377257673319,-0.10351216594624091,-0.023635041769104026,0.3156514828986816,-0.14075002670288084,34.369998931884766
2022-06-29,-0.010474268883889692,0.9731566514659626,-0.10747796789713837,-0.03528680520710192,0.3175229384541774,-0.14007587920092945,34.0099983215332
2022-06-30,-0.003528342775859228,0.9777382590409928,-0.10416792160080302,-0.035242534631398925,0.37393320102727584,-0.0875067327250908,33.88999938964844
2022-07-01,0.012393095048885305,1.0819537193154813,-0.08635791253545144,-0.009755200982185408,0.4185304205523332,-0.05612096799075317,34.310001373291016
2022-07-05,0.020110714051038148,1.042811917149308,-0.06245396113390467,0.019932404844278606,0.5511151968257164,0.03244833110940615,35.0
2022-07-06,-0.04571424211774555,0.9718656233452962,-0.0989896959104245,-0.021159328105283315,0.45784145902929085,-0.02906976615241441,33.400001525878906
2022-07-07,0.009580828748653625,1.0522071821197665,-0.08510028972251271,-0.010098622419942083,0.47034605978393224,-0.020905848859340104,33.720001220703125
2022-07-08,-0.02164885871321165,0.9371504844314547,-0.09969157642301496,-0.026384117890578263,0.5062058185657475,0.004261893785352688,32.9900016784668
2022-07-11,-0.030918530258156385,0.9656451058395953,-0.12349725978421788,-0.043272725699425085,0.3998178811714597,-0.06438393249872176,31.969999313354492
2022-07-12,-0.0040662860043384486,0.9217887750171655,-0.12366771288872302,-0.028794552318279654,0.4020146635310688,-0.06297820537014631,31.84000015258789
2022-07-13,-0.01538943997392972,0.9614318228843368,-0.132510108532102,-0.03163032527557985,0.3926654757393919,-0.07111109980830443,31.350000381469727
2022-07-14,-0.007655494998335732,0.9511040330564283,-0.13531691034693016,-0.023295234426150113,0.3399060760439467,-0.09878330829063442,31.110000610351562
2022-07-15,0.03439407501869951,1.0375164049418473,-0.10129931232084632,0.015462295684081084,0.26232951943614524,-0.12339958845743859,32.18000030517578
2022-07-18,-0.011187091576679076,0.9745848963331298,-0.10760861438279246,0.0050536786097816755,0.2540650367106454,-0.13202400907619083,31.81999969482422
2022-07-19,0.04022623480744647,1.147650305833209,-0.06898908073454246,0.03722733093848474,0.4280860281389069,-0.03695084367854029,33.099998474121094
2022-07-20,0.07069487191721158,1.0787499837508288,-0.0021961064413417164,0.0827986288534941,0.5661424897380739,0.04204646797263689,35.439998626708984
2022-07-21,-0.016647860481101784,0.9714406217991203,-0.017251022923227888,0.040982119463541355,0.5425531555125087,0.028326913595810854,34.849998474121094
2022-07-22,0.005452007165720252,1.038876139676239,-0.010721391674715086,0.02907493981348641,0.5330316557755039,0.021276581551075147,35.040000915527344
2022-07-25,0.0188356115915409,1.0370273077887497,0.009901014405972353,0.025096230576053147,0.5317604688685063,0.020000021798270096,35.70000076293945
2022-07-26,0.0008403019231308928,1.0374438687392056,0.01352356482961059,0.010692461006988951,0.623280308372836,0.06976041646441544,35.72999954223633
2022-07-27,0.021550530860025896,1.0364031874986126,0.03793437168920999,0.026318751058416634,0.6404039571120203,0.08244361443231596,36.5
2022-07-28,0.021095902952429357,1.0650660726906684,0.06201248253734848,0.033899248521154,0.7152916362207336,0.12973624011939688,37.27000045776367
2022-07-29,0.009927526894024874,1.0302539765529168,0.0742315579114996,0.02931523075465514,0.805166882757587,0.1773537753541794,37.63999938964844
2022-08-01,-0.0021253458462973107,0.9768022875657528,0.07431697627879519,0.016784006988145306,0.8095239471391829,0.17964827868376165,37.560001373291016
2022-08-02,0.0071885103272564255,1.029963033270057,0.08369027400975382,0.012580332254408466,0.8592019119164269,0.2066986083169282,37.83000183105469
2022-08-03,0.03357114939454919,1.0269766900445247,0.12023145524225565,0.03220692077921172,0.8975125125923025,0.2568305273870979,39.099998474121094
2022-08-04,-0.01687979215265034,0.9767545102484179,0.10255413921133472,0.008553253089840673,0.8246888586650057,0.19453071044646175,38.439998626708984
2022-08-05,-0.005463035691336993,0.9806593236565483,0.09756971973542905,-5.232337433802581e-05,0.8377241236541526,0.20144562881484718,38.22999954223633
2022-08-08,0.02458798425227493,1.021092802413987,0.12292063606630332,0.015977560073122232,0.8316941936516724,0.18338368503460778,39.16999816894531
2022-08-09,-0.0188919555364242,0.9817958821029861,0.10006656617678211,-0.006309115282178368,0.6980135762952933,0.08436799645396742,38.43000030517578
2022-08-10,0.05880817859969745,1.0197416956021366,0.15912713229878794,0.04354738443659434,0.816703179400612,0.16757533452762008,40.689998626708984
2022-08-11,0.016466011458717178,1.02322754895341,0.17240208813640323,0.04507785487239668,0.8257735388710213,0.18036528338170288,41.36000061035156
2022-08-12,0.03022243669133684,1.0154697486755029,0.20088215408875265,0.053347200730575084,0.8357632127124083,0.19355741455852993,42.61000061035156
2022-08-15,0.013611781460911798,1.0283701111224575,0.20842452452534577,0.04687800277037102,0.8440962571587233,0.2087881102728315,43.189998626708984
2022-08-16,-0.006714450336906097,0.9827127059354548,0.1930254351191789,0.017793630507210167,0.8088808192626282,0.17534250755832614,42.900001525878906
2022-08-17,-0.05617715062220463,0.9761620429909976,0.12093134215255041,-0.0384706461269092,0.6341668881313173,0.08639659729417493,40.4900016784668
2022-08-18,0.012842593764152532,1.012882887121818,0.12965088247195977,-0.02450051920352536,0.6386832839096465,0.08953238540199249,41.0099983215332
2022-08-19,-0.04267252064434057,0.9803314937659104,0.07792729490252737,-0.05100317594527304,0.5615050239785184,0.04526083296288319,39.2599983215332
2022-08-22,-0.024707015982571745,0.9795672735199067,0.05015601482801291,-0.05199304850524966,0.5158402091675804,0.012159636854551792,38.290000915527344
2022-08-23,-0.01175243541864135,0.9876355685413261,0.03697512996557539,-0.03905733480901874,0.45401461114132247,-0.032225022268661974,37.84000015258789
2022-08-24,-0.003435546183694793,0.990488132206146,0.031053245147509623,-0.028643560172453064,0.4722854867856958,-0.018990623525389716,37.709999084472656
2022-08-25,0.021479750542463982,1.01852401297571,0.049963215029289465,0.005114306243587663,0.5105301796261207,0.007585689746267166,38.52000045776367
2022-08-26,-0.04075803936050537,0.9813565082293538,0.005072986520194167,-0.024087462498096457,0.4229167036436477,-0.05667596399751462,36.95000076293945
2022-08-29,-0.01569693691688434,0.9744125068025528,-0.012087492338159977,-0.029564036225353973,0.4276684608788434,-0.05360399055249487,36.369998931884766
2022-08-30,0.02337097370858543,1.0229592095776765,0.009479156192751415,-0.0035872696504037904,0.36477015033120674,-0.0852788774420884,37.220001220703125
2022-08-31,-0.026329916982679058,0.9786777843954735,-0.01898943783525142,-0.02212625251969713,0.30517501308580947,-0.12379107486287932,36.2400016784668
2022-09-01,-0.05656741050803782,0.9764483933787731,-0.07477694951759295,-0.055368337401612955,0.19799129077710645,-0.1976062394516147,34.189998626708984
2022-09-02,-0.010236867159382657,0.979630206710294,-0.08477463521225426,-0.04868997985884471,0.15900805621823522,-0.21648526907660037,33.84000015258789
2022-09-06,-0.0014775188190040422,0.976555790009437,-0.08725010868557614,-0.03611363488520569,0.16184113642285083,-0.21235431902854518,33.790000915527344
2022-09-07,0.015981086146677148,1.0170796325653109,-0.07422009575983413,-0.004292557777814454,0.23448281758746092,-0.15213631988284382,34.33000183105469
2022-09-08,0.009321283942803404,1.0215648386373584,-0.06766488346289612,0.014344288839938102,0.22105290279921688,-0.15508405403457037,34.650001525878906
2022-09-09,0.02770560006341305,1.0204303435014788,-0.044725654207124266,0.03385203719602181,0.32799263954289815,-0.09296988963903496,35.61000061035156
2022-09-12,0.021623152051837957,1.0282858488826987,-0.02681082476735086,0.040856026244662225,0.40826136044246064,-0.049882470664490586,36.380001068115234
2022-09-13,-0.05167677330727005,0.9706995458529201,-0.07875324681039586,-0.01692599846225129,0.3589527889639335,-0.0882663884545325,34.5
2022-09-14,-0.005797123563462403,0.9669320583588124,-0.08482695913936,-0.022457855684420824,0.35684308536108433,-0.09042694060462597,34.29999923706055
2022-09-15,0.03469394950074722,1.0296255424806087,-0.05310757435820668,0.006637200936708609,0.37672918337600164,-0.07866040351217551,35.4900016784668
2022-09-16,-0.0140884749606357,0.8882877312309991,-0.06653501530842665,-0.004041872110745803,0.41265608117342983,-0.053044629066382076,34.9900016784668
2022-09-19,-0.0008574619192603938,0.9792679389755786,-0.0672856588486287,0.0032139218233588895,0.43392696452263235,-0.038768212505389865,34.959999084472656
2022-09-20,-0.0034324638165698085,0.9748838972609232,-0.06995368407336322,-0.0021766586328884063,0.38028171176180947,-0.06394414266680337,34.84000015258789
2022-09-21,0.01693456228484158,1.0341726618705036,-0.05401436066526366,0.008195313886229405,0.45759158162827135,-0.02235103023663232,35.43000030517578
2022-09-22,-0.03132939883687802,0.9653349001175088,-0.08231614767180273,-0.016844290282942875,0.5075494193555248,0.003802312762120952,34.31999969482422
2022-09-23,-0.05856638518083468,0.9612172854534389,-0.13318753523509252,-0.05999065348121202,0.42551128808195465,-0.04521272968079082,32.310001373291016
2022-09-26,0.025069561255522954,1.0457170356111647,-0.10875506149395853,-0.02599697557016445,0.4696282037137781,-0.01982840975108391,33.119998931884766
2022-09-27,0.008152187997317206,1.0283382178409668,-0.09896176097536635,-0.009610267245149573,0.45631959782604836,-0.02738136881064568,33.38999938964844
2022-09-28,-0.006588835721013209,0.9528228560661375,-0.10207567131235429,-0.0027659594770008678,0.43058147990163376,-0.042712937713097365,33.16999816894531
2022-09-29,-0.06632496162301638,0.9549241113363326,-0.1569921939936918,-0.049766818549564995,0.3050420185576955,-0.13030051158292477,30.969999313354492
2022-09-30,-0.011947011304104804,0.9701013447923273,-0.16259594420581813,-0.051162756422477806,0.2486956640001938,-0.15887851888248872,30.600000381469727
2022-10-03,0.04117647755471432,1.0318608157329456,-0.12429823590363664,-0.004312737178728154,0.37867651054809265,-0.0765217214390852,31.860000610351562
2022-10-04,0.08066540004990475,1.0513195153803385,-0.05056702237924082,0.06905547308500437,0.5049057006835939,0.0037901186882467464,34.43000030517578
2022-10-05,0.0023234974048313983,1.0263442711664288,-0.045782316001975576,0.06269626619910151,0.4596374088078061,-0.02761350551099584,34.5099983215332
2022-10-06,0.004926166094204154,1.025584182144997,-0.037081252593291536,0.044075154175912346,0.4868754683583555,-0.008859713015726856,34.68000030517578
2022-10-07,-0.02566318863369821,0.9694338961266578,-0.05683679554453369,-0.0018904465012203886,0.45382799170099747,-0.03346676772268464,33.790000915527344
2022-10-10,-0.01686888663451591,0.9788716267521604,-0.06663104824922672,-0.026548642889542173,0.4382622128508825,-0.04649824698018645,33.220001220703125
2022-10-11,0.009933714757113243,1.0166715918045706,-0.05093282852635361,-0.011782054873032521,0.4269050507687242,-0.05306240620722191,33.54999923706055
2022-10-12,-0.020566278461991327,0.979108635097493,-0.06380431508994955,-0.0226055870631795,0.44131832230474116,-0.04254076624286329,32.86000061035156
2022-10-13,0.04473527673155453,1.020248623909951,-0.0176130932115931,0.023248913573106433,0.5848740123455207,0.06251935536695763,34.33000183105469
2022-10-14,-0.03437227620851335,0.974261050895953,-0.0460156759971001,-0.008138332593152886,0.5012225999267528,0.0009058754517428103,33.150001525878906
2022-10-17,0.002714936604682583,1.0209559601289215,-0.03926466913422311,-0.0055645094435951,0.493796618833062,-0.004492294517026596,33.2400016784668
2022-10-18,-0.01143204118312069,0.9541094304206331,-0.0465067272161126,-0.012857504950179233,0.48734703448456257,-0.009345721305585641,32.86000061035156
2022-10-19,-0.04290930679313287,0.9626842791077953,-0.08317055541268215,-0.047142957594797696,0.5209424767810205,0.01549891702380446,31.450000762939453
2022-10-20,-0.06836252698640499,0.9563146091272211,-0.1405797734448433,-0.08437504567205789,0.45090630034431667,-0.04248369700009591,29.299999237060547
2022-10-21,-0.005460745787656207,0.8992992437382918,-0.13935306449630203,-0.06596579665044688,0.3879735849483476,-0.08537354578139511,29.139999389648438
2022-10-24,-0.0030885433930332162,0.948740896185656,-0.13697707319167385,-0.043148900426072556,0.22153203141320318,-0.1562591060246512,29.049999237060547
2022-10-25,0.024784896372203047,1.0615749926812608,-0.11123052438592806,0.0009414511815455384,0.2699030844966305,-0.1373514370996627,29.770000457763672
2022-10-26,-0.009069548324217691,0.9279476651550435,-0.11418727483314395,0.005042257338035316,0.25096156032832795,-0.14936563608976372,29.5
2022-10-27,0.014915272340936259,1.1063415278442768,-0.09670313883037163,0.015603819930191332,0.30653269606819833,-0.11393904341981109,29.940000534057617
2022-10-28,0.09886442682104168,1.074362035517087,-0.006432483228052788,0.08825089785508444,0.4870340521902353,-0.009632741814133094,32.900001525878906
2022-10-31,-0.013069917484275662,0.9508563332546219,-0.0184030274537329,0.050265248914481475,0.4565917414298913,-0.032190701666675925,32.470001220703125
2022-11-01,-0.01724673089737838,0.9605726389599006,-0.03395976556174163,0.01805765730298292,0.46141348220248246,-0.02891055220005634,31.90999984741211
2022-11-02,-0.04167972203277581,0.9615852545775291,-0.07158905678970395,-0.03105198566834222,0.3459326403879014,-0.1092339559375265,30.579999923706055
2022-11-03,-0.013734469501039959,0.9686383046022458,-0.08120912355138254,-0.045690438045745685,0.3689745960051019,-0.09019612491216988,30.15999984741211
2022-11-04,0.030172408886473878,1.0360180906819927,-0.05020292172474439,-0.005378078347296977,0.411283699461919,-0.06528284819697605,31.06999969482422
2022-11-07,0.009977453137665293,1.0307944462830756,-0.03704672893208538,0.01160539875835176,0.4391447051100764,-0.045039605054624676,31.3799991607666
2022-11-08,0.0009560448517480502,1.0348433653890257,-0.03383575292694674,0.015847353086161586,0.4981446710692541,-0.0012718891751023476,31.40999984741211
2022-11-09,-0.03151861750803964,0.9661082055373341,-0.06148767819867018,-0.015151503924156207,0.55821207366962,0.03822528561081828,30.420000076293945
2022-11-10,0.1009204994895867,1.045280768289699,0.03482376384288277,0.06135518733906409,0.6735834023915979,0.14927942278418982,33.4900016784668
2022-11-11,0.057330488883786,1.0485860167073866,0.09379584154755016,0.09215963586736908,0.7214484209788096,0.21893290111477137,35.40999984741211
2022-11-14,-0.06241172250765126,0.9607528531964171,0.026925889952954973,0.012627350541295268,0.6082018867465884,0.11521666954765797,33.20000076293945
2022-11-15,0.037048178131650955,1.046020243679296,0.06530937722232544,0.031147042661989977,0.6466389025110055,0.16711865441273832,34.43000030517578
2022-11-16,-0.02962533978282711,0.9652644731361932,0.035367023821236465,-0.01700602072982882,0.599769955565032,0.11589843859245308,33.40999984741211
2022-11-17,-0.03591741300269424,0.9727304107697619,-0.00018627672494198055,-0.04512038676588204,0.477926986748138,-0.020972717611076663,32.209999084472656
2022-11-18,0.004036046936055415,1.021927489945588,0.0038256499204554206,-0.02349175304102835,0.4957599134837713,-0.004003728464055167,32.34000015258789
2022-11-21,-0.006493478153427046,0.9832597844172756,-0.0019259173045163003,-0.023522946185384974,0.5073431651343789,0.0068944287607375365,32.130001068115234
2022-11-22,-0.009959588905535721,0.9693781453250537,-0.010652382620195966,-0.01760347310397492,0.5440228859970859,0.04022235269146668,31.809999465942383
2022-11-23,0.050927408564337195,1.0237412146879792,0.03952237449772933,0.032299910123027686,0.6077785112121156,0.10842176638950662,33.43000030517578
2022-11-25,-0.018247101548997557,0.9889681351106894,0.019088484845972253,0.009659741468299732,0.5588432978064596,0.05632442926259573,32.81999969482422
2022-11-28,-0.04783667609454034,0.971048173081248,-0.03015068342655758,-0.03214816970322498,0.49597026854352255,-0.0041427394596343925,31.25
2022-11-29,0.03135998535156248,1.0370564802519842,-2.3290948329535155e-05,-0.0024142707650836037,0.5240046723336207,0.026106325972866218,32.22999954223633
2022-11-30,0.03475020005560481,1.0390227198284847,0.03559362765123564,0.02250425802605127,0.5851248759142887,0.09631815879285521,33.349998474121094
2022-12-01,0.02098952908446572,1.0238439824035994,0.05770795831906228,0.040012213556311016,0.5188678420766759,0.01672133563832623,34.04999923706055
2022-12-02,0.004698967723851366,1.0199997200878923,0.06306610835622894,0.03610151563801778,0.45412841762413225,-0.03388875368851929,34.209999084472656
2022-12-05,-0.030400495275060724,0.9550493962678376,0.031245081945076913,-0.006945714030676675,0.4987404456436235,-0.0009036925694180242,33.16999816894531
2022-12-06,-0.008742752994830738,0.9588529394862364,0.022499369171125716,-0.01944405802981508,0.4293528229452102,-0.045018856326514145,32.880001068115234
2022-12-07,0.0015206580120532553,1.0271651183697932,0.024548090421777857,-0.015486703964205928,0.4760000228881836,-0.014366942365416024,32.93000030517578
2022-12-08,-0.01822042115276834,0.9810803320058933,0.006295232991670785,-0.023380807707753415,0.506383126372429,0.003725636448089098,32.33000183105469
2022-12-09,-0.01608420462917559,0.9724485547757821,-0.007944881293375228,-0.024950977737750124,0.4729315250081876,-0.016388394685987517,31.809999465942383
2022-12-12,0.024520613006630887,1.0273229056771096,0.016824881996425844,0.0025224432936072905,0.5222007267071507,0.014316808875837417,32.59000015258789
2022-12-13,-0.06290270719430369,0.9269385325197202,-0.04512515545428797,-0.04681646671434403,0.44747730625539445,-0.03992450712785367,30.540000915527344
2022-12-14,0.01178777643126705,1.0534834058541127,-0.032386869952200414,-0.023202907283081164,0.3831947555114558,-0.07568054632215493,30.899999618530273
2022-12-15,-0.05760513919972465,0.9461226604889349,-0.0864600069543191,-0.06040266349861678,0.3458333075046417,-0.11273610268114409,29.1200008392334
2022-12-16,-0.02335165815859508,0.8957101664062375,-0.10719049162053884,-0.0619433950923477,0.3735373195850803,-0.08991998291015624,28.440000534057617
2022-12-19,0.02390999621682366,1.0434508929374315,-0.08582907152826802,-0.017013222412144424,0.3561517135002401,-0.09649391086485681,29.1200008392334
2022-12-20,0.030219750529024036,1.04850135300505,-0.05890472521146606,0.016397873281744912,0.3415326499597056,-0.10044973395487933,30.0
2022-12-21,0.03366667429606118,1.0369371886969243,-0.028166251359504235,0.049834102385656776,0.3602941034677471,-0.08928044276928881,31.010000228881836
2022-12-22,-0.018703641387459835,0.9699746353836398,-0.047037448392349246,0.02114093676649098,0.3327433490895022,-0.11049397487451418,30.43000030517578
2022-12-23,0.03286230660437783,1.0240904782139706,-0.016867765112852817,0.03394960056864815,0.42273540352470074,-0.05245697798676896,31.43000030517578
2022-12-27,-0.03658923345097442,0.9805458027449728,-0.05089525196307032,-0.01142669327597523,0.39273923185764,-0.07907543482384582,30.280000686645508
2022-12-28,-0.012219314096534428,0.9635585358311225,-0.06060820832340319,-0.0229321972085319,0.37861733154537264,-0.09170970026650749,29.90999984741211
2022-12-29,0.05182210782239971,1.02912063781629,-0.01157770386844692,0.024688913997984452,0.46751296541303,-0.026910074151197505,31.459999084472656
2022-12-30,-0.04005080604579825,0.9610018711223451,-0.05088152637571708,-0.01487471856559619,0.4430290434083265,-0.050612974851718784,30.200000762939453
2023-01-03,0.004966874660293108,1.0632963279248506,-0.04630974294971424,-0.0029566284713212765,0.4170370103498432,-0.06873273275944713,30.350000381469727
2023-01-04,0.03064251378868499,1.0387271909534823,-0.01724840250488835,0.020887745785587386,0.5298869163692018,0.02423050913341429,31.280000686645508
2023-01-05,-0.05115090621314533,0.9622218442172978,-0.06627026589979867,-0.029875136682719128,0.4552129375962165,-0.039482178913130994,29.68000030517578
2023-01-06,0.056266848353189625,1.0735728979172023,-0.013685692943760985,0.025448118052974644,0.582531451491078,0.07657965240275155,31.350000381469727
2023-01-09,-0.00797448156165792,0.9627705757312656,-0.022074075736068677,0.011316335503016806,0.601681966774215,0.09353023197825516,31.100000381469727
2023-01-10,0.02668810011335543,1.0550260436912073,0.005257695992276323,0.027745586512091025,0.6061980335707836,0.0964972316263284,31.93000030517578
2023-01-11,-0.005324148909149562,0.9651162790697675,0.0027863983584544005,0.019124627850053644,0.5702875572147527,0.058666674296061094,31.760000228881836
2023-01-12,0.0012594146061226663,1.0364957930581642,0.005160111530284395,0.0067113818390582836,0.5341990991697664,0.02547562084320565,31.799999237060547
2023-01-13,0.010377416319875099,1.0424002239344696,0.017440280220206494,0.012159804089147741,0.5752212777751334,0.05586594629939268,32.130001068115234
2023-01-17,-0.01027083162415987,0.9787576849692601,0.008275441655278826,-0.0026345746505470613,0.5174035227990043,0.01177215807483889,31.799999237060547
2023-01-18,-0.03459114781484418,0.9683763645815283,-0.025435478207524453,-0.029647870937016818,0.5198487750152471,0.013870543816704162,30.700000762939453
2023-01-19,-0.021498365830949773,0.9638096090185202,-0.04464318731504813,-0.04007155744967683,0.5059798105284953,0.004346408183832917,30.040000915527344
2023-01-20,0.026631132246305533,1.0505917846368067,-0.01819397244285792,-0.008423904284583728,0.46936763847220603,-0.019707531784092458,30.84000015258789
2023-01-23,0.01491566414386214,1.0312200868860908,-0.0031450575905234146,0.011766200391364112,0.55901279560835,0.03642378961364057,31.299999237060547
2023-01-24,-0.019169280790610088,0.9566868975365941,-0.020124139749197356,-0.0005208882367733203,0.5179119976151305,0.01153213763000216,30.700000762939453
2023-01-25,-0.00846906261955871,0.9546811559589204,-0.026574129669834523,-0.007304975999092966,0.45384613772317034,-0.026854224237485846,30.440000534057617
2023-01-26,0.0013140278408982908,1.0844330477203077,-0.024694635975304857,-0.008844969534831826,0.5530503676833294,0.02695415191491879,30.479999542236328
2023-01-27,0.08562994257053269,1.116860833958129,0.05809277875353214,0.06050894506895865,0.6025943547413034,0.055502384368283364,33.09000015258789
2023-01-30,-0.01239044561866054,0.9648468261447696,0.045542530346383225,0.03818540046607466,0.5914352074142901,0.05080385544456334,32.68000030517578
2023-01-31,0.04742959677436298,1.0367952045813376,0.09497454715994436,0.06357194649538611,0.6228632491695084,0.07203254666702019,34.22999954223633
2023-02-01,0.014022773843279213,1.0383801362791658,0.10988532968680387,0.05060837136118601,0.6525336088963352,0.09288409427995403,34.709999084472656
2023-02-02,0.06741573651134658,1.0420819765852203,0.18104585405039564,0.07853981133905452,0.7192982931377182,0.16509434358355302,37.04999923706055
2023-02-03,-0.007017498701406999,0.9722712527430589,0.16911492218881197,0.04838712833388703,0.6957984133415739,0.14503578252403293,36.790000915527344
2023-02-06,-0.02092961235667412,0.9696772689915729,0.14184274125433793,0.007270710611325004,0.6709888078445556,0.13270444408643334,36.02000045776367
2023-02-07,0.012215397587929555,1.0335226625849134,0.15202018713856957,0.007015393313981821,0.7465754252344995,0.18762209050126732,36.459999084472656
2023-02-08,-0.024135964770024776,0.9787273105592342,0.12087709362876531,-0.021990062325735638,0.732773341719263,0.1844207971599554,35.58000183105469
2023-02-09,-0.026419403963768295,0.9813538761677276,0.08950515169797768,-0.035043761053010325,0.6578073652847146,0.12321657646754836,34.63999938964844
2023-02-10,-0.0086604862109263,0.9704098277092467,0.07685191578385875,-0.030162675807575368,0.6279462371426489,0.09712463225647139,34.34000015258789
2023-02-13,0.023587692769126978,1.0157058437294813,0.09859202926460742,-0.0023840287762899592,0.6840364810116997,0.14495116131434838,35.150001525878906
2023-02-14,0.003413909720499264,1.0134590024047785,0.09707070040620236,0.007829459970292607,0.7020921308827962,0.1586727936585295,35.27000045776367
2023-02-15,0.04082785959794366,1.0228226619209817,0.13456542448273923,0.04224629371544286,0.7333334095320607,0.2043963135105491,36.709999084472656
2023-02-16,-0.03323338154268396,0.9757782877669128,0.09148788502709415,0.0027690183382471645,0.6003345836363404,0.0725295108737316,35.4900016784668
2023-02-17,-0.012679648961878898,0.9828463327964824,0.07348832136714623,-0.013846667982464589,0.598333421283354,0.0722154402788604,35.040000915527344
2023-02-21,-0.019406400896366693,0.9694506580658586,0.04996181390438981,-0.028665119104953507,0.5058401233042495,0.0037978694085234466,34.36000061035156
2023-02-22,0.010477316762419031,1.035067008303932,0.0574968497246473,-0.015426482258769747,0.5004542298465389,0.0002881629643989303,34.720001220703125
2023-02-23,0.012384800980922206,1.0238604404007414,0.06756975920717578,0.00566492129065721,0.39560446009635675,-0.05128199056158422,35.150001525878906
2023-02-24,-0.00625892492610991,0.9722398035393301,0.0571553956919002,0.0025832200712809783,0.39735093203268684,-0.0505572319669757,34.93000030517578
2023-02-27,-0.002290347276144522,0.9758349065816028,0.05080651932965563,0.0013791749406859566,0.43010739946539545,-0.03248200912752619,34.849998474121094
2023-02-28,-0.008321294505806764,0.9331945723091702,0.039633031691966414,-0.008093657133631638,0.38442832659573434,-0.052111841988246255,34.560001373291016
2023-03-01,-0.016203742796254694,0.9754081953618713,0.01987250718296618,-0.020116442703913773,0.39999990342540426,-0.04440701938569436,34.0
2023-03-02,-0.00029406828038835986,0.9688663480988537,0.016797084960116226,-0.01381067378536871,0.45337173937672093,-0.01876436843633089,33.9900016784668
2023-03-03,0.015886939516457144,1.0330872341069322,0.03044631786889429,0.004187713546388805,0.5131760576532877,0.0055328662162124065,34.529998779296875
2023-03-06,-0.0199825847408569,0.9638573625247125,0.006730873043375052,-0.010063194481285564,0.4076161668009076,-0.03726888524674854,33.84000015258789
2023-03-07,-0.02541372950572507,0.9570019903672303,-0.02004191709519898,-0.026219454573080614,0.3537673939118751,-0.06492772571039951,32.97999954223633
2023-03-08,0.009096399066844896,1.0269261911188023,-0.012726613784899476,-0.01316572796502724,0.24364701307261838,-0.09343504196998409,33.279998779296875
2023-03-09,-0.08323313257265574,0.9355162871233554,-0.09394627692492075,-0.07623832221046312,0.19781529773055495,-0.14032125145281482,30.510000228881836
2023-03-10,-0.0642412644089686,0.8491538868323638,-0.15012691285641766,-0.10310380728291058,0.16717927088782317,-0.18521693803925876,28.549999237060547
2023-03-13,0.02031523429791071,1.397108049198194,-0.1311351018852439,-0.05697637629192154,0.22901535109955234,-0.15221191375675736,29.1299991607666
2023-03-14,-0.17953998259225123,0.8481940130103498,-0.2827292447711425,-0.1779596853642249,0.12741027806447136,-0.31163597988933867,23.899999618530273
2023-03-15,0.08493726857935169,1.1969749224023254,-0.21836377361847414,-0.060643364095376406,0.21401972662905608,-0.2623044330144616,25.93000030517578
2023-03-16,0.0875434026628441,1.092213761404953,-0.14833213173701487,0.03898021343977631,0.31480457805803086,-0.19267104161001414,28.200000762939453
2023-03-17,-0.08226955813497017,0.8895686254804914,-0.21593580054350814,-0.027360216712884466,0.2802547306418309,-0.2573888007488848,25.8799991607666
2023-03-20,0.0038640025004841316,1.0606792346254326,-0.20999819204682169,7.697529894667987e-05,0.2878337553963729,-0.24826393200567298,25.979999542236328
2023-03-21,0.08275595290273063,1.0359330067099797,-0.14255453316218314,0.0486877193852695,0.36542865635788696,-0.17264708350686464,28.1299991607666
2023-03-22,-0.09100602709981087,0.9573325108275179,-0.21752835558114725,-0.04418361185386388,0.3271756344166542,-0.24771996374971594,25.56999969482422
2023-03-23,-0.04262808625721348,0.9597401028312145,-0.2474523278682249,-0.05875115010748999,0.2982737997064933,-0.2910512479683671,24.479999542236328
2023-03-24,0.003267970800735931,1.07523918760141,-0.24154225636748228,-0.0459913004629825,0.3090534928065095,-0.27423169754140286,24.559999465942383
2023-03-27,0.007329002813106333,1.0395077467445462,-0.23102626485507016,-0.029651701046646384,0.3255715605769302,-0.24984838949331956,24.739999771118164
2023-03-28,-0.014955494555691451,0.9601416629123491,-0.2376036040791889,-0.01511473591631074,0.3119460164795241,-0.2677283133077003,24.3700008392334
2023-03-29,0.0,1.0,-0.2316786490421383,-0.00546846440657367,0.353250506514069,-0.201245471766208,24.3700008392334
2023-03-30,-0.013951585592090865,0.9705303494388906,-0.2359664694036665,-0.01572866505894388,0.3829015989016043,-0.15831869251147512,24.030000686645508
2023-03-31,0.014148986386706364,1.0500658053772394,-0.21726699621444634,-0.0002461337263252039,0.37513121777096403,-0.16340537104938024,24.3700008392334
2023-04-03,-0.01518263547359966,0.9555058191584601,-0.22115221166441845,-0.009410625509252202,0.5035211395304511,0.004184116446269481,24.0
2023-04-04,0.006249984105427986,1.0561363119219391,-0.20866375519651015,-0.0014059203457026381,0.4277597217872288,-0.06864638124551847,24.149999618530273
2023-04-05,0.0020704407949891923,1.0393130980292757,-0.1989804998596233,0.002070409137885143,0.3019802428941837,-0.14184396779367525,24.200000762939453
2023-04-06,0.00454540080723409,1.039008865096882,-0.18776470309183746,0.004296427663523783,0.400506982492037,-0.060664596048530695,24.309999465942383
2023-04-10,-0.0008226470939687314,0.9295120061967467,-0.18135550553414348,0.004133971157860961,0.39180543181800426,-0.06504998677777152,24.290000915527344
2023-04-11,0.0160559643865279,1.0297348484848485,-0.1613856783563119,0.014552334475212536,0.21487600179196278,-0.12264482611156968,24.68000030517578
2023-04-12,-0.013776343127377855,0.9731101710502115,-0.16527345334777466,-0.000985066800649692,0.33942556406254526,-0.048103228663131326,24.34000015258789
2023-04-13,0.006162679440834928,1.0432196769234647,-0.15229450974685044,0.0027843603598380895,0.5017301449124236,0.00040850608941322974,24.489999771118164
2023-04-14,-0.05308286031891585,0.9672673688279061,-0.1877905759168249,-0.0416563264588804,0.33333333333333326,-0.05578171668059517,23.190000534057617
2023-04-17,0.032341525775237745,1.0329911840363628,-0.15295614607141594,-0.0077917657211794555,0.41452993194672777,-0.03233626695479919,23.940000534057617
2023-04-18,-0.01921474442604465,0.962852376577535,-0.16064919277183054,-0.01707972884925002,0.40670843108331434,-0.03652036382223889,23.479999542236328
2023-04-19,0.06558777451239539,1.0297799148786582,-0.098069595146698,0.0414585532366929,0.551505520883051,0.026672121302672824,25.020000457763672
2023-04-20,-0.041566782434036,0.9556831620399157,-0.12711125804718681,0.0024245221917087445,0.49643358468069865,-0.0020807799825394158,23.979999542236328
2023-04-21,-0.011676346315341202,0.9671250701638006,-0.12821971965870738,-0.013486488621527015,0.45179854772530115,-0.0274928212236788,23.700000762939453
2023-04-24,0.005063245908093483,1.029428447059134,-0.11476142033677517,-0.007500012715657589,0.4865671352863074,-0.007500012715657589,23.81999969482422
2023-04-25,-0.06381194278914915,0.9530509212987879,-0.16147290382453483,-0.06160581996567993,0.38537788793815553,-0.07660457187130654,22.299999237060547
2023-04-26,0.006726526054297688,1.0305197773535184,-0.14611183210555578,-0.0344085693359375,0.3929008327901552,-0.07231404730697355,22.450000762939453
2023-04-27,0.02850776694426438,1.0420754618515813,-0.11256304962429442,0.0007801677540890672,0.42988508771064426,-0.05018508186574322,23.09000015258789
2023-04-28,0.020355102219512755,1.0494034279418576,-0.08533273093658378,0.02239192876004803,0.46010920874211914,-0.030053578512560186,23.559999465942383
2023-05-01,-0.039473698058446915,0.9723332418664026,-0.11117223929404729,-0.007717293562083616,0.39422079301213636,-0.08306325441897433,22.6299991607666
2023-05-02,-0.030490439783366297,0.9471533742331288,-0.12808486406010844,-0.03492563916021152,0.38047809483969053,-0.09860310614152146,21.940000534057617
2023-05-03,-0.01093891364066335,0.9643102353840374,-0.12784852827740267,-0.03914272280030395,0.36229026459427793,-0.11392401119860551,21.700000762939453
2023-05-04,-0.0410138832122563,0.955667804078562,-0.1530063206549117,-0.0595625641385632,0.37757197689204247,-0.10263048785272277,20.809999465942383
2023-05-05,0.037962562989021675,1.0416233236807333,-0.11280880751104827,-0.00625688623406051,0.38012296924088324,-0.09774436509552076,21.600000381469727
2023-05-08,-0.03981484236867616,0.9745880511207978,-0.14124528765388977,-0.028935312608347696,0.3651575148678364,-0.116695052152339,20.739999771118164
2023-05-09,-0.0067502117258166905,0.9796997895203279,-0.13944354872642206,-0.023233749055143416,0.24771689721416068,-0.17665867287873793,20.600000381469727
2023-05-10,0.009708682130449064,1.0349116607773852,-0.1282664154636176,-0.005260670069549334,0.29924235856235964,-0.13261052401501505,20.799999237060547
2023-05-11,-0.03605769363028066,0.9665118819994537,-0.15449009139484426,-0.034107359636808665,0.2824790350770306,-0.1540084982438712,20.049999237060547
2023-05-12,0.023441458283667727,1.035270178611802,-0.12760663884310075,-0.0010709453474323505,0.31121289454720996,-0.1385390125667212,20.520000457763672
2023-05-15,0.05116955232149056,1.0396784232365146,-0.0787464772423494,0.041626419810975035,0.4558646008567615,-0.03273540660141083,21.56999969482422
2023-05-16,0.023180343397036562,1.0526840923711123,-0.053439712466457845,0.050852302046869635,0.47795817197206153,-0.016926550343042357,22.06999969482422
2023-05-17,0.06388762423693084,1.054275167115634,0.012079849988373415,0.09016621049584073,0.5207667420126977,0.01689040221183058,23.479999542236328
2023-05-18,-0.019591102787084758,0.965210088009842,-0.005013814097746594,0.04012292108737148,0.4712154021059327,-0.022920162157020307,23.020000457763672
2023-05-19,-0.021720242834807224,0.9681965806728353,-0.024559259500956054,-0.0005325542222173185,0.4938548202755235,-0.004860747109245778,22.520000457763672
2023-05-22,0.01243333808194258,1.0329113924050632,-0.010545538355078543,0.0009658161053980319,0.5503512179673156,0.03919775214535415,22.799999237060547
2023-05-23,0.0017544261783273285,1.0313357843137254,-0.006762189756989168,-0.0040118531753429165,0.5683452858987477,0.05253453223814608,22.84000015258789
2023-05-24,-0.0030647852170127,0.9773993844837625,-0.008080835521147023,-0.0008775644883858291,0.6303192400025871,0.09418553782420913,22.770000457763672
2023-05-25,-0.03293807575415664,0.9773873928636557,-0.038291443469995357,-0.025232390038692376,0.5280748802870611,0.019444447633170325,22.020000457763672
2023-05-26,0.04087191643145305,1.0253622737732446,0.0022300941348150083,0.011027789993764747,0.6449468935059823,0.10511091269208106,22.920000076293945
2023-05-30,-0.022687628971760132,0.9806875803673242,-0.018394171887812116,-0.008410824824003016,0.6139240353521136,0.08737860212273074,22.399999618530273
2023-05-31,-0.03392858222431083,0.9621978674451399,-0.04924049592413615,-0.0317673651164011,0.5496454044616632,0.04038462420187083,21.639999389648438
2023-06-01,0.05083181203766185,1.0337592883038078,0.0006380391923950235,0.01772287463664224,0.652667462946882,0.1341646202701796,22.739999771118164
2023-06-02,0.08179422291437,1.0393722330000497,0.08200832967851857,0.07611550943446743,0.7000000186994986,0.1988304012031541,24.600000381469727
2023-06-05,-0.07357721292174402,0.9674555505037211,0.004075377342214193,-0.001926911609969384,0.5556569946448051,0.056560094481404644,22.790000915527344
2023-06-06,0.10706443741503135,1.0362858344257835,0.11042645737425238,0.07820510864257812,0.6224806359722467,0.14318078346657992,25.229999542236328
2023-06-07,0.01585412706253342,1.0382852778308191,0.1268534140277442,0.05917841182130523,0.5904121141207513,0.0915672768503597,25.6299991607666
2023-06-08,-0.01170500378009276,0.959816091954023,0.11245306035070723,0.024842205022815422,0.5984654702347048,0.10034749869708692,25.329999923706055
2023-06-09,-0.011448835730445639,0.9738096378616593,0.09905307265748409,0.009514627604560566,0.6093750517401582,0.11190055091206319,25.040000915527344
2023-06-12,-0.028754041309026146,0.9587417145246382,0.06612891389106257,-0.03146157536394045,0.5635451745032759,0.06666668897483863,24.31999969482422
2023-06-13,0.041940808822491515,1.0447397450039764,0.109141452237836,0.008276308425833268,0.5965997011328826,0.1094570920883613,25.34000015258789
2023-06-14,-0.029597474170630744,0.9560712093308779,0.07500793123453775,-0.013400738766230047,0.5668135035812504,0.07992971709421592,24.59000015258789
2023-06-15,0.04229357469399031,1.0330542428600782,0.11972735168068649,0.025856513973473882,0.6297627331994579,0.16394180871736275,25.6299991607666
2023-06-16,-0.008973841192644327,0.9308480222758123,0.10796072721317151,0.013729241140755244,0.5936555869477403,0.1082024229485663,25.399999618530273
2023-06-20,0.004330732756047562,1.0292055606746524,0.11056694187766625,0.008539589127210867,0.6212003542941515,0.1388393153265428,25.510000228881836
2023-06-21,-0.02038418083489235,0.9766316335798625,0.08654535252345541,-0.009276879846199848,0.6330421305950731,0.1548059369665329,24.989999771118164
2023-06-22,-0.020808341837788014,0.9578578166310168,0.061432494673974825,-0.02896826651691664,0.5720233049131466,0.07607737729327435,24.469999313354492
2023-06-23,0.02411116343047448,1.198343897804347,0.08395689965457498,-0.0010364431936202845,0.5214152316558844,0.018699149485345457,25.059999465942383
2023-06-26,-0.005985619382559371,0.9712027037975856,0.0753523690136535,-0.003121493468346115,0.6167400547921725,0.09302320520927942,24.90999984741211
2023-06-27,0.016459247287177403,1.0209035979453933,0.09097958914649307,0.014829662603246918,0.5063829902359972,0.0035671880388752353,25.31999969482422
2023-06-28,-0.0039494621909560435,0.9735241586215753,0.0836475098420546,0.008961425452708838,0.46962964093243625,-0.015996873228139696,25.219999313354492
2023-06-29,0.050356879157057666,1.029054499670244,0.1326805444093513,0.042913392478663326,0.5751295119164799,0.04579549352175394,26.489999771118164
2023-06-30,-0.006795028566668138,0.9709384977510546,0.11946726895565463,0.025730988585875414,0.5834427155221785,0.05071879009507185,26.309999465942383
2023-07-03,0.014443218389537993,1.013369497383707,0.12857704413714677,0.02630165287316566,0.6629986291756034,0.09745069362553416,26.690000534057617
2023-07-05,-0.008242833132295901,0.97353087472465,0.11354168812418841,0.008919028687567776,0.5873260134811454,0.04459349463149853,26.469999313354492
2023-07-06,-0.018133719481970734,0.9637726117051689,0.08734533035660941,-0.015157256668026475,0.6129031464163242,0.0569336970249239,25.989999771118164
2023-07-07,0.0315505849190294,1.02071315872515,0.11441336991026674,0.013457313062708032,0.5986621774892162,0.04603981052726991,26.809999465942383
2023-07-10,0.012308837384546134,1.0277743427398411,0.12074659593135784,0.01953417358322973,0.6430919984578091,0.06850392902560398,27.139999389648438
2023-07-11,0.008474629873156392,1.0155332563288093,0.12176732537762547,0.02294816448559578,0.64999993847267,0.07291260657244969,27.3700008392334
2023-07-12,0.041286047720788144,1.0201059204056728,0.1586072382572521,0.04925999970816064,0.7577091437577215,0.14045619291835565,28.5
2023-07-13,0.00456137406198609,1.0259698025551685,0.15560037643094082,0.03394725162218659,0.823987426951838,0.17000408517142018,28.6299991607666
2023-07-14,-0.022703445252663768,0.9771780474551711,0.12266903560474107,0.0020054346185283123,0.7253085974603424,0.1165203566848576,27.979999542236328
2023-07-17,0.03931380984510935,1.0226482854494903,0.16028768124197534,0.027126308046587333,0.7806190332800148,0.16740265362655804,29.079999923706055
2023-07-18,0.04160938772337808,1.0343585386576042,0.19986535944749972,0.04824200621182051,0.8019440579277535,0.1962875703240654,30.290000915527344
2023-07-19,0.02938261349448168,1.0202063346037586,0.22461806150616193,0.05939115036374809,0.8303769084847177,0.23632042641116757,31.18000030517578
2023-07-20,-0.019563842347054217,0.9692334116990328,0.19156897070712398,0.02515089257583547,0.7440190607040899,0.15402038350164293,30.56999969482422
2023-07-21,-0.00981351782974793,0.9754117425542991,0.1713943186157887,-0.0002642116905741121,0.7334905846045052,0.1505131536375517,30.270000457763672
2023-07-24,0.032375273452794895,1.0209953785186279,0.1994779928000865,0.01751757360414352,0.7511012942873018,0.1708504823791075,31.25
2023-07-25,-0.008000000000000007,0.9789803816895769,0.17971649348336594,0.004731960459390727,0.7486279545326545,0.1711371667607131,31.0
2023-07-26,0.15354833295268389,1.0526548974166723,0.3444366622183197,0.12559013739490243,0.8648245103604377,0.37591376054077985,35.7599983215332
2023-07-27,0.015659994395296417,1.0507441102513464,0.3478559342156007,0.10328068139485902,0.8621477851003378,0.3547184042641516,36.31999969482422
2023-07-28,0.03221371127404793,1.024578125160482,0.3711130680201742,0.09096734213287627,0.8704366995143838,0.3813560251134711,37.4900016784668
2023-07-31,0.010135962560818612,1.0224848630658807,0.3661123019406729,0.06114097801322127,0.87181304197181,0.3836316321043072,37.869998931884766
2023-08-01,-0.01214679422885745,0.9760781968450671,0.3341060063649277,0.01190154601622817,0.8312268352810511,0.3126315735934073,37.40999984741211
2023-08-02,0.0008018919919603462,1.019706907461907,0.3179617672526047,0.0035918852658161082,0.829962611671005,0.30771916605625504,37.439998626708984
2023-08-03,-0.009348250185869711,0.9881896356418869,0.2921544176413031,-0.009877194242695064,0.8490422914149112,0.3255897340741498,37.09000015258789
2023-08-04,0.002426534166018568,1.0107453998126035,0.28238958077362963,-0.0058291692087441005,0.8363788876699525,0.2785419670811826,37.18000030517578
2023-08-07,0.025551392015647822,1.0142899408284023,0.30079918283862206,0.018157571912289283,0.8327675510960781,0.25883129467219423,38.130001068115234
2023-08-08,-0.0052452336044306325,0.9872142655738023,0.27990553401295304,0.010012254692080669,0.8043283241193515,0.21648492411590903,37.93000030517578
2023-08-09,-0.005536490450383735,0.9881517521224418,0.2585919707953801,0.0029247702357464433,0.8344249296475275,0.2338894863348484,37.720001220703125
2023-08-10,-0.00742318623893512,0.9860461871206307,0.23676600265668513,-0.006369471245302294,0.835988725368921,0.23686812225027065,37.439998626708984
2023-08-11,-0.01362175054059378,0.9873447150033862,0.207612585750504,-0.018602178961548477,0.7784314708130694,0.1817600097656249,36.93000030517578
2023-08-14,-0.01272681334468484,0.9901718895566088,0.18178058821765375,-0.022415294563137844,0.7619961633364329,0.1761290027249245,36.459999084472656
2023-08-15,-0.05046626985164948,0.9807483534776,0.11381895193673497,-0.05497627127906335,0.42400004069010416,-0.03187917905918847,34.619998931884766
2023-08-16,-0.0077989736017872735,0.9905120339036655,0.09733010810197351,-0.044771986967228616,0.36338408662591304,-0.05424012217114249,34.349998474121094
2023-08-17,-0.013973786420920953,0.9871217684685548,0.07437686241627062,-0.039039898058852995,0.22239228447826975,-0.09655915136064819,33.869998931884766
2023-08-18,0.01033369648231286,1.0120758622920418,0.07715072617928853,-0.013946464882250598,0.21879840006112913,-0.09638230298729988,34.220001220703125
2023-08-21,-0.017533672338251094,0.9881534511596195,0.05118341432642293,-0.015116017600800835,0.21417812033951364,-0.10130983509719316,33.619998931884766
2023-08-22,-0.03420576287083099,0.9825669775214274,0.00926275600691584,-0.036669985881115585,0.17935516389161932,-0.13274566208077687,32.470001220703125
2023-08-23,0.047428304371241126,1.0182360815466656,0.05003970545238157,0.01105887981535214,0.3277404368040527,-0.08304130003730359,34.0099983215332
2023-08-24,-0.020582092995840795,0.9872737068965517,0.022045672135207584,-0.006442726211171035,0.29738223868822344,-0.10408818989025204,33.310001373291016
2023-08-25,-0.011708291452020791,0.9822962485947238,0.005121735356283352,-0.010401053281204886,0.2102334857373205,-0.13663789019734884,32.91999816894531
2023-08-28,0.011543167960249345,1.0146449326088647,0.011328072156133961,0.002951616581674088,0.24754634315378468,-0.12206699264074206,33.29999923706055
2023-08-29,-0.01801797260864013,0.9806055960137984,-0.01140509118116595,-0.016482158832302418,0.23744771251870944,-0.13308590390523045,32.70000076293945
2023-08-30,-0.013149856120588277,0.9826007326007326,-0.02866300110510367,-0.019148922256423284,0.2337796778368032,-0.13808756299625324,32.27000045776367
2023-08-31,0.002169187909242032,1.0286181892573818,-0.031185395982099573,-0.011190595181421181,0.2524271884612614,-0.12428919888052636,32.34000015258789
2023-09-01,-0.0006184433416606128,0.9765645717316361,-0.03576357015821452,-0.00816302601462926,0.2653061489289004,-0.11354908100948236,32.31999969482422
2023-09-05,0.006497496486866705,1.0181935440073318,-0.03338437510744108,0.0030216702610590396,0.3546592105856543,-0.060369734750714166,32.529998779296875
2023-09-06,-0.061481652865115644,0.9824426887133157,-0.09493809135467757,-0.04587784454272914,0.28587447374155034,-0.11120809191166425,30.530000686645508
2023-09-07,0.012119191731515766,1.0214000520297248,-0.08559592289714757,-0.02597403143977217,0.33144149946687307,-0.08768820215576012,30.899999618530273
2023-09-08,0.0035598903465874354,1.0264553780051604,-0.08395367004399934,-0.014241197011216622,0.31271859688481013,-0.09380481815644226,31.010000228881836
2023-09-11,-0.0003224839989688366,0.9805053294782722,-0.08628693178118474,-0.006219140332274442,0.3358394995571028,-0.07792977439389481,31.0
2023-09-12,0.0006451760568926268,1.0179127468779225,-0.08700257336142714,0.0041434759347889205,0.394160445735193,-0.04465662791582903,31.020000457763672
2023-09-13,-0.006125097719334893,0.9838833461243285,-0.09295517571044265,-0.003941590911407333,0.21090913630715677,-0.09350186870823085,30.829999923706055
2023-09-14,0.0424910628992603,1.0229065500648196,-0.05508108403281231,0.030128185565654997,0.4042551663857152,-0.035124645313906244,32.13999938964844
2023-09-15,0.023024321484745647,1.083119421740578,-0.034963460484675024,0.04136317518609878,0.496904248723021,-0.001214978829124247,32.880001068115234
2023-09-18,-0.05048666973342952,0.9842333855581779,-0.08432323033265121,-0.012587789132106342,0.36563307589054583,-0.0624624616024364,31.219999313354492
2023-09-19,-0.021780858833532313,0.9872652534859354,-0.10380089237509116,-0.03115282033944977,0.36189258748681696,-0.06605503966410131,30.540000915527344
2023-09-20,-0.009495772980802397,0.9895093477018532,-0.11182230210764676,-0.036808257411776624,0.3684895587567664,-0.06259685246696955,30.25
2023-09-21,-0.011239674465715388,0.9907388309063158,-0.11801782728744847,-0.03391474075281842,0.3471698067939991,-0.075139155649674,29.90999984741211
2023-09-22,-0.014710816994393472,0.9882580725751046,-0.12658192080918074,-0.026686061425218677,0.32974909822525444,-0.08818070570483727,29.469999313354492
2023-09-25,0.009840547074459138,1.0088268132886726,-0.11290621996510608,-0.007536844917405028,0.336094812126219,-0.085152125864141,29.760000228881836
2023-09-26,-0.029905893239365655,0.9885983962579352,-0.13362489815029288,-0.026372561895849578,0.3869210524401056,-0.05437274189575203,28.8700008392334
2023-09-27,-0.00969867261884505,0.9858899074817287,-0.13631247931301205,-0.02489767809708432,0.34068981773917,-0.07475726519288084,28.59000015258789
2023-09-28,0.002448397847171213,1.0124801816857352,-0.1284183986859606,-0.014103895005359246,0.33703198232648235,-0.07578201754674618,28.65999984741211
2023-09-29,0.010118664238357722,1.015394707606361,-0.11411673145828105,-0.000552358042850476,0.36315101911930975,-0.06612900764711438,28.950000762939453
2023-10-02,-0.024179645751013723,0.9878917972657553,-0.129590829230809,-0.014443215036508028,0.3304774484782777,-0.08929724103438552,28.25
2023-10-03,-0.04106194150131359,0.9870683290087126,-0.15817277138551245,-0.04302670703119804,0.29540494094839415,-0.121310404812631,27.09000015258789
2023-10-04,0.009966794250382494,1.0100876255610174,-0.14274298209458558,-0.025016023713056224,0.20493856929180423,-0.14872429589517677,27.360000610351562
2023-10-05,0.06432749231065249,1.0297384791164148,-0.08140971708655642,0.034311300347407814,0.29385974176771384,-0.11435523438981954,29.1200008392334
2023-10-06,-0.010989065691980104,0.9719833564493758,-0.08527146333904978,0.02403637694422689,0.34447309279343796,-0.07751441798587033,28.799999237060547
2023-10-09,0.005208386453214864,1.016383392524945,-0.07464377588180271,0.024271173037346605,0.3903449324562521,-0.05206287180494129,28.950000762939453
2023-10-10,0.0062175610736969755,1.0133010253957029,-0.06340430817267761,0.015973738725808095,0.4215686248320052,-0.037024821131682595,29.1299991607666
2023-10-11,-0.0003432310958205731,0.9830762441372374,-0.059568188053185755,0.003307630610237977,0.4419971639055872,-0.026412538021027943,29.1200008392334
2023-10-12,-0.0161401513447037,0.9877333277654821,-0.07046915859745884,-0.009678544967652858,0.44005853660712996,-0.027824896977606373,28.649999618530273
2023-10-13,-0.01640486281369813,0.9884688150676968,-0.0814788174899177,-0.02173157776744228,0.3874644308128536,-0.05309139487749992,28.18000030517578
2023-10-16,0.014194450468363096,1.0124676546694895,-0.06413982573186916,-0.005290270288800469,0.47779473198111233,-0.010045060862389765,28.579999923706055
2023-10-17,0.02449267896459406,1.0177002365664076,-0.03779953773281708,0.018009888291521614,0.5496403071186889,0.02413433124781439,29.280000686645508
2023-10-18,-0.02698090495222083,0.9856896766427297,-0.060689243191220266,-0.0050984875543304,0.48891786244765667,-0.005931614696407461,28.489999771118164
2023-10-19,-0.03580205215718191,0.9903669000368479,-0.08940989789336173,-0.0327465030508981,0.41190471162603454,-0.05112267394063752,27.469999313354492
2023-10-20,-0.015289409784941754,0.98285319442968,-0.09865634047186955,-0.0398949583956445,0.42610835239898337,-0.042477903112901005,27.049999237060547
2023-10-23,0.016266193954445063,1.0158452037163221,-0.07983264511326649,-0.016669050966189758,0.527026988712883,0.014765581996206034,27.489999771118164
2023-10-24,-0.016733324419883955,0.9881710355401291,-0.09045786308703596,-0.017305281518170124,0.4782608804911962,-0.012061400451182758,27.030000686645508
2023-10-25,-0.0014798710510987023,0.9817909515035933,-0.0874203405805708,-0.007939424637195658,0.3185689888002619,-0.07314563896734105,26.989999771118164
2023-10-26,0.07224900998428829,1.0239791047069282,-0.01872524225295269,0.05236365578391333,0.5093334174261939,0.004861156274508227,28.940000534057617
2023-10-27,-0.026606787959713718,0.9806336141298523,-0.04144548728675934,0.01608714131247635,0.4519704060326706,-0.026943028189623797,28.170000076293945
2023-10-30,0.029818961672448907,1.0123280035847386,-0.010074981201906974,0.035036390766162606,0.49316634986151087,-0.004119427921109753,29.010000228881836
2023-10-31,-0.005515334234738045,0.9861163591609358,-0.012434416905498402,0.016131310929331955,0.4848824001568595,-0.009271993474667117,28.850000381469727
2023-11-01,-0.0006932567590716143,0.9873550760337636,-0.011681227553707041,0.0024339253917642356,0.510613221339624,0.006282733248602179,28.829999923706055
2023-11-02,0.06000692149894182,1.0195374004834454,0.047930093597040146,0.05074953410497929,0.6221765033142617,0.08445703105011937,30.559999465942383
2023-11-03,0.04155760732846292,1.0178252925566624,0.09071282981385087,0.0675476234235155,0.6531573348040826,0.11371588553799272,31.829999923706055
2023-11-06,-0.018221800976948366,0.9862374047677562,0.07060878797468084,0.03257996507479777,0.5938988865560696,0.06728139573620306,31.25
2023-11-07,-0.011200012207031262,0.983434273394078,0.058726771531238287,0.00736779793073139,0.6199004535123293,0.08459107991482884,30.899999618530273
2023-11-08,-0.01326860363992488,0.9913297344937755,0.04498328202634694,-0.016641939908539793,0.6599576099957974,0.10993813371868222,30.489999771118164
2023-11-09,-0.024926213007116838,0.9858195436915862,0.021044208498973482,-0.03599222558754234,0.6370142941895311,0.09907579965858115,29.729999542236328
2023-11-10,0.0030272503859285482,1.0101570338304755,0.026832973232606694,-0.020303569094359708,0.6235418545613635,0.08475809178267157,29.81999969482422
2023-11-13,0.004359526138351999,1.0152553343451478,0.032438232891695895,-0.007555143346560156,0.6604394906501184,0.10802811698545778,29.950000762939453
2023-11-14,0.11018361111843489,1.0251057982962353,0.14352532364163362,0.08489950566636506,0.7532362036301035,0.23193776517110698,33.25
2023-11-15,0.0054135430128054995,1.024823341446938,0.1465809303494976,0.07023947496009564,0.7119923936608318,0.1551485725037971,33.43000030517578
2023-11-16,-0.015255822063259372,0.9862201017012995,0.12618230889626747,0.03281666529393101,0.729912699595284,0.16861903016637392,32.91999816894531
2023-11-17,0.031288051375585546,1.0332707385127895,0.15698538737336776,0.038226323025671194,0.734790761983518,0.1702861253044543,33.95000076293945
2023-11-20,-0.006480153630608498,0.9866417504338094,0.145613080090353,0.008189854984948397,0.7306236142211668,0.16915074856986867,33.72999954223633
2023-11-21,-0.03528012578888062,0.9899575406901719,0.10176237573370517,-0.023233446144430348,0.6578723057496225,0.1286854318986892,32.540000915527344
2023-11-22,-0.0015365468854885433,0.986313034154341,0.09644983826141273,-0.019199376050679784,0.5958292539391842,0.06315452376480923,32.4900016784668
2023-11-24,0.007386822141304927,1.0057553956834533,0.10076931027030911,-0.010819660927281372,0.5497787244188022,0.02827520014726681,32.72999954223633
2023-11-27,-0.018637354686314334,0.9904201769723944,0.07738231374082116,-0.018397444775373306,0.5479602312706638,0.027839965820312562,32.119998931884766
2023-11-28,0.005603994743508478,1.007789345288409,0.07975293531672722,-0.004192897512600102,0.5786516336220431,0.04530743157973105,32.29999923706055
2023-11-29,0.026315860956525272,1.017241928462984,0.10258355425814258,0.018182976209964785,0.6423982913107663,0.0872417768031748,33.150001525878906
2023-11-30,0.013574567949593996,1.0179933829438594,0.11178202797021597,0.025015220968146012,0.7142855935865791,0.1301715099721681,33.599998474121094
2023-12-01,0.06309532270410267,1.0299065995468386,0.1755123940823593,0.07016601807593692,0.7667268878086334,0.19785384259755556,35.720001220703125
2023-12-04,0.005039202100347362,1.0148525693352182,0.1745749193529076,0.051737303235036114,0.7677767053595617,0.19866446114759584,35.900001525878906
2023-12-05,-0.0038998105402524574,0.9811566907970887,0.16351326183750126,0.02681898874923916,0.6578613630114867,0.07548867132430681,35.7599983215332
2023-12-06,0.008948644422301033,1.0205748562859285,0.16732593329026213,0.018863705840263423,0.6637823069973424,0.07927016158203926,36.08000183105469
2023-12-07,0.01579821690401384,1.0116865687724694,0.17858927698279703,0.01743380782410875,0.7288343047148669,0.11330509004864542,36.650001525878906
2023-12-08,0.009549753330131638,1.0087532437352338,0.18191037970743018,0.019901850884182615,0.7041497443848154,0.08983797256316972,37.0
2023-12-11,-0.012162182782147424,0.990881167210597,0.15978356578622122,0.003900215700970211,0.6831167544376793,0.08360509140514649,36.54999923706055
2023-12-12,0.011217506319299186,1.0116051535406374,0.16504851391957698,0.008513390796807574,0.8193637619498599,0.1358327610506056,36.959999084472656
2023-12-13,0.07278145313960116,1.0194488068334164,0.23971145737626487,0.06123872475780168,0.874476626821207,0.22037548407261243,39.650001525878906
2023-12-14,0.10920549431836224,1.057205121220376,0.3586444289651609,0.13268774287895013,0.9120876356941403,0.34372136136092735,43.97999954223633
2023-12-15,0.010459278973636632,1.0612622057948093,0.35509490377860264,0.1022918708210041,0.9562960271221996,0.38356164708942275,44.439998626708984
2023-12-18,0.004950522671053781,1.029059643012625,0.34376409797356944,0.06490533978485136,0.9564251406985682,0.3826625666346728,44.65999984741211
2023-12-19,0.018808780910386957,1.0172720986047268,0.35073956526207706,0.04247812160201914,0.9563929277294244,0.37254895643006036,45.5
2023-12-20,-0.05648350977635641,0.9656024568531166,0.25958146751454847,-0.030969242235723615,0.7980829512138287,0.27767863853448405,42.93000030517578
2023-12-21,0.01607264434670408,1.0117114057828172,0.2644027686711936,-0.013791558142998817,0.7777775989359629,0.22116454202702673,43.619998931884766
2023-12-22,0.00641913344453271,1.0076790202290609,0.2588716460780489,-0.005031471727872994,0.7793294660705229,0.22284121615518915,43.900001525878906
2023-12-26,0.03325738117826704,1.0136974059420418,0.2849039521328258,0.024806839475847386,0.8069053811367161,0.26845645244445193,45.36000061035156
2023-12-27,0.01984121911533343,1.0220957723903026,0.29458346695942916,0.04156343461757994,0.813810052975382,0.2821506644635592,46.2599983215332
2023-12-28,0.005404237117830446,1.0141925163880439,0.28569449572466876,0.030578302532561663,0.8100628369499787,0.2690312792672618,46.5099983215332
2023-12-29,-0.02171572474698613,0.9824882868673749,0.24344968625224572,-0.00013184538064359153,0.7566425499135704,0.22972972972972983,45.5
2024-01-02,-0.01406592065161405,0.9853553357413222,0.21409773219193706,-0.018337760301043393,0.7480597989802117,0.22735982344056893,44.86000061035156
2024-01-03,-0.049487320341026764,0.9868946460516228,0.14563600866778104,-0.055676130051491746,0.653017269728729,0.15367966574333658,42.63999938964844
2024-01-04,0.008442791170371278,1.01172567266842,0.14626165514801115,-0.03375128478802569,0.6032039234747553,0.08448923947542863,43.0
2024-01-05,-0.01860463342001273,0.9848589070898387,0.11652767216073401,-0.032997236127714435,0.4299212910620721,-0.040472914911866886,42.20000076293945
2024-01-08,0.0042654099981405125,1.0130998692449504,0.11254038889463147,-0.014785179762907052,0.4170693292151796,-0.04635458195886766,42.380001068115234
2024-01-09,-0.019584752480790835,0.9869172064387867,0.08235537237160617,-0.018982878895836386,0.3806599807479267,-0.06963727319698543,41.54999923706055
2024-01-10,0.012515053364907436,1.0087968678926507,0.08722758694498745,-0.004024632034790754,0.365066854750364,-0.07538462209177543,42.06999969482422
2024-01-11,-0.013548840003779317,0.9866983372921615,0.06455295178573128,-0.010491181473225253,0.4332399426976145,-0.033310046471240695,41.5
2024-01-12,-0.009638590985033835,0.9914805415241996,0.04901124969240578,-0.014861007316355312,0.379078695871671,-0.05777167628313795,41.099998474121094
2024-01-16,-0.025790695813801223,0.9869134725388686,0.017664275891161374,-0.029380363585816083,0.32767849722685055,-0.0879271179085519,40.040000915527344
2024-01-17,-0.013236827719167454,0.987907496518193,6.28545592129548e-06,-0.032660884747145236,0.21518977468029163,-0.1289683026918509,39.5099983215332
2024-01-18,0.013414391711206175,1.0090833115255067,0.009530556378410271,-0.009842198242190348,0.18585888633248657,-0.1344573634173818,40.040000915527344
2024-01-19,0.019980000468738934,1.008098046597231,0.02510683798661928,0.013248657767157557,0.22870834042124458,-0.12190923185478197,40.84000015258789
2024-01-22,0.044319328269549985,1.010879397193431,0.06379002321104266,0.0500788147855169,0.3733334870514004,-0.0626373291015625,42.650001525878906
2024-01-23,-0.011957845673722045,0.9885809512863875,0.04478258107673416,0.026903190539312893,0.37769790095792727,-0.060633107081935256,42.13999938964844
2024-01-24,0.008542966672182573,1.0110859221245112,0.047365568238150635,0.020800297713873483,0.49244064568008644,-0.003283287796726042,42.5
2024-01-25,-0.05176472383386943,0.9800013140820316,-0.011831073232186129,-0.03324859237982247,0.37837845268456505,-0.06279071541719661,40.29999923706055
2024-01-26,-0.014143913290698973,0.9810095287580768,-0.030224636069772992,-0.041819419237916544,0.38638459691988936,-0.05853083355563138,39.72999954223633
2024-01-29,0.0032721135064961437,1.0228435719350402,-0.031019043085888653,-0.025570800169918417,0.3835490820938224,-0.05946201968502551,39.86000061035156
2024-01-30,-0.004515812905658501,0.9837803075226967,-0.038945933584155434,-0.018162014027257478,0.4080630696018428,-0.045005991966825865,39.68000030517578
2024-01-31,-0.08341737267726945,0.9727054308976221,-0.11946109729161924,-0.07190978904786272,0.28009274180848875,-0.13548849071279434,36.369998931884766
2024-02-01,-0.006048870290534802,0.9749506868923141,-0.12491977666847653,-0.05756292420581044,0.2878669715195676,-0.128915625882436,36.150001525878906
2024-02-02,0.009958417163456579,1.0176448470958963,-0.11660631726992976,-0.03192452721483163,0.3174224792733322,-0.11167883997557848,36.5099983215332
2024-02-05,-0.021911785095556024,0.9874554651418518,-0.13576962286118177,-0.03182953478399109,0.3241267259870952,-0.10814190139979574,35.709999084472656
2024-02-06,0.026883201038503612,1.0252296234264893,-0.11254708086823118,0.010693979683797927,0.38854004009324145,-0.07188054348866102,36.66999816894531
2024-02-07,0.005999488183488388,1.021671692112512,-0.10716339635195726,0.013851484122331392,0.37329036811981153,-0.07867136498134664,36.88999938964844
2024-02-08,0.01978854850404721,1.014816074845843,-0.09008455457906672,0.025627049723852657,0.36974105737477236,-0.07884429991852204,37.619998931884766
2024-02-09,0.027910666317712884,1.0145997636548019,-0.06565431631584473,0.04198101618596484,0.32844810860049917,-0.09331777759770143,38.66999816894531
2024-02-12,0.03284200977241247,1.0143483755854583,-0.035137544064945514,0.05221560776637735,0.41100318231017013,-0.052206948144376986,39.939998626708984
2024-02-13,-0.0348021892198791,0.9689403563633995,-0.06565275147642735,0.005634694333316537,0.35250178983147806,-0.0929411944221048,38.54999923706055
2024-02-14,0.017120618948744726,1.0182716713452455,-0.04663491094412098,0.010619111482471189,0.45400841165269823,-0.02704715070032826,39.209999084472656
2024-02-15,0.032644800405033036,1.0163012975007428,-0.013010708625579737,0.02839587365472851,0.530254867992011,0.019129175559705835,40.4900016784668
2024-02-16,-0.023709628534801075,0.987582331013311,-0.03289339155082138,-0.00035405376512176456,0.4876773022368542,-0.008279022227836719,39.529998779296875
2024-02-20,0.001517869343381717,1.0139882567720926,-0.02944275832717813,0.0029386524506942457,0.4966088866057561,-0.0022681489893071616,39.59000015258789
2024-02-21,-0.006062179276124846,0.9822469850693009,-0.032795276386617944,-0.007165594244640583,0.6460783980067833,0.08193565107926992,39.349998474121094
2024-02-22,-0.0012706286912165243,0.9888947603084697,-0.03128602092694466,-0.008877242767732496,0.6570287585502632,0.08713686246808683,39.29999923706055
2024-02-23,0.0015267525306827956,1.0137514715827969,-0.026206548348123748,-0.001673992828376658,0.6464542748297208,0.0780608715376867,39.36000061035156
2024-02-26,-0.009146356828482416,0.9784377676747711,-0.030760906910241803,-0.008138344285550492,0.6770720069641771,0.09213108372657164,39.0
2024-02-27,0.014102544540014028,1.0110860452196164,-0.012823324368713362,0.006054124142702122,0.6621620634742665,0.07853834774811141,39.54999923706055
2024-02-28,-0.013653626446124778,0.9899845980934937,-0.022342552011460293,-0.005962724563281618,0.6152172281522743,0.05746812054650374,39.0099983215332
2024-02-29,0.0182005365218898,1.0125639128094726,-0.0013325232660460484,0.009967487387870566,0.6143790632395382,0.05582143403620643,39.720001220703125
2024-03-01,-0.03398797198713832,0.9871102768965002,-0.03267893324959881,-0.019422453852349975,0.48417728013314393,-0.007757932538550394,38.369998931884766
2024-03-04,-0.01902526876615862,0.9877833308092281,-0.04786598963969624,-0.03134489805683305,0.37136489570830156,-0.05758636244725546,37.63999938964844
2024-03-05,0.06854415177711792,1.0168821655508424,0.018672751374273266,0.03149367587133911,0.5824283954610824,0.0433204154784288,40.220001220703125
2024-03-06,0.012182940052157587,1.0163841050727065,0.03217462777226143,0.03503506346128904,0.5753010963791835,0.03825554794756436,40.709999084472656
2024-03-07,-0.0014737794139777494,0.9886599637382562,0.031241723454565218,0.028645212168812773,0.5091532996005048,0.003951589053581062,40.650001525878906
2024-03-08,-0.006642077432439497,0.9920642859524524,0.025491289319585775,0.011523061249417044,0.5527951281855656,0.02150271477527932,40.380001068115234
2024-03-11,-0.011391849603816562,0.9920848317816691,0.014827064388925004,-0.01129388850468338,0.5195264904504002,0.008335388105217056,39.91999816894531
2024-03-12,-0.020040061967810496,0.9900398068942153,-0.004257124895545195,-0.025799403084801553,0.48723643782873155,-0.005844969533800315,39.119998931884766
2024-03-13,-0.00971363148755744,0.9890670179821034,-0.013113011936147667,-0.02570289696524064,0.47002155670622675,-0.0142493020220128,38.7400016784668
2024-03-14,-0.019359833957283468,0.986463811237199,-0.03128122785341303,-0.03160842765900729,0.4317049562526979,-0.03480688289228484,37.9900016784668
2024-03-15,0.0081599774913792,1.0312754820212011,-0.022292010253789907,-0.013242662511273262,0.4649298198874168,-0.01794873751126802,38.29999923706055
2024-03-18,0.009660546716845353,1.0116988896257375,-0.011477837029479021,0.0027486316291940316,0.45510198282529735,-0.022250343491552416,38.66999816894531
2024-03-19,-0.0025859446303619915,0.9877808965157907,-0.01145654293303855,0.0030165809277398203,0.47649579180874996,-0.011279124471689883,38.56999969482422
2024-03-20,0.040964527963600395,1.0124213033860814,0.030352458950515082,0.03650354870445449,0.5210166414839366,0.010825787813713683,40.150001525878906
2024-03-21,0.018928973665003346,1.0117058823529412,0.050928012026838276,0.040437440613642295,0.6317428986817124,0.06619757587266051,40.90999984741211
2024-03-22,-0.02371061413642328,0.9916274201988488,0.026247131187691064,0.007364786549174163,0.6163967998220836,0.0611051879478266,39.939998626708984
2024-03-25,0.00375567178358871,1.007454872890229,0.029863219742348956,0.003956731023395221,0.49127508805814313,-0.0032322492334564412,40.09000015258789
2024-03-26,-0.012471938091716983,0.9903970068592808,0.01719521062809859,-0.01360374495756822,0.42493299986244587,-0.027511642276404458,39.59000015258789
2024-03-27,0.04117203995536456,1.008604768300873,0.05802862097345174,0.02156136854282842,0.5315614491627098,0.014022132187654135,41.220001220703125
2024-03-28,0.007035349156768733,1.014299388239211,0.061969508859607725,0.025698014196970487,0.5624308190601761,0.027984081810989325,41.5099983215332
2024-04-01,-0.022885978960624942,0.990087229101532,0.03474671454414424,-0.0008375343805767654,0.5335431819008809,0.0160321451328016,40.560001373291016
2024-04-02,-0.012080908823377534,0.9864406779661017,0.019930256784706835,-0.012811048430866223,0.5514627083051777,0.024284273744321405,40.06999969482422
2024-04-03,-0.02620412390959348,0.989152992379368,-0.008883705925502139,-0.03597192776398217,0.514141361208127,0.007227639833906174,39.02000045776367
2024-04-04,0.014864121208435943,1.0135226963848871,0.003980395272244586,-0.013747788274571349,0.5827337170511621,0.04237948735250674,39.599998474121094
2024-04-05,0.018434428915714562,1.0083389205497821,0.020263655279580295,0.010371817342556211,0.6000001503329311,0.053002679750182136,40.33000183105469
2024-04-08,0.018100657304563228,1.006158833063209,0.03647612045123072,0.026089589102503696,0.6137014075182577,0.06180510259928185,41.060001373291016
2024-04-09,0.012664404295464227,1.0062450436161776,0.04767848706507749,0.03130118093063916,0.6376945129088933,0.07803998340799545,41.58000183105469
2024-04-10,-0.0858586664817117,0.9825550848849046,-0.04110802686497861,-0.05249780699602313,0.4171825512467002,-0.05330020231671351,38.0099983215332
2024-04-11,0.004472559619826955,1.0097504323777855,-0.036594512342809304,-0.04147420156832404,0.3892944731466165,-0.06673183946269368,38.18000030517578
2024-04-12,-0.0065479308015120585,0.9924619789167094,-0.042129379508745846,-0.036135396082323856,0.41343679778465076,-0.05032544793802429,37.93000030517578
2024-04-15,-0.01107308147280095,0.9919545117264034,-0.05095041857263194,-0.029294588808170596,0.39141410897956247,-0.06435524622686095,37.5099983215332
2024-04-16,-0.016795448723235684,0.9931499941165594,-0.0653234217590376,-0.021802519853333147,0.38717741038956915,-0.06845160581024934,36.880001068115234
2024-04-17,-0.005423014022425399,0.9895906502035324,-0.06867505013014752,-0.020194458666171755,0.2854442282702911,-0.11014072734299407,36.68000030517578
2024-04-18,0.0008178511190646276,1.0093215773135042,-0.06634877547041407,-0.011631057416175428,0.26744197651522356,-0.11563477309442727,36.709999084472656
2024-04-19,0.03241630267186757,1.011472340137092,-0.035224451059941875,0.020573068278437967,0.37405314490093533,-0.06558184806087641,37.900001525878906
2024-04-22,0.013456419551460153,1.0099432889082487,-0.021650539732780416,0.029317168787246883,0.42155014359190696,-0.041427498379205896,38.40999984741211
2024-04-23,0.022129614097833983,1.0086261238844099,-0.00016557815574935741,0.03884416045065753,0.5115605853021769,0.0061506371336235155,39.2599983215332
2024-04-24,0.015537458900424683,1.012269333245617,0.015162483125243487,0.03747071055948914,0.512968312384272,0.006818193640591108,39.869998931884766
2024-04-25,-0.14020567600561096,0.9367891726782349,-0.12453315168595369,-0.09656337634411938,0.3018991041584435,-0.15001246657765388,34.279998779296875
2024-04-26,-0.032088638077356846,0.9690760091922126,-0.14907257568004395,-0.10324321650413759,0.24808185889866977,-0.191914291392135,33.18000030517578
2024-04-29,0.009041568242955877,1.0216019830155079,-0.13867844383767403,-0.07036151751444353,0.2373540451742231,-0.1948052412727107,33.47999954223633
2024-04-30,-0.03464754669272696,0.987579163126407,-0.16566635185997491,-0.06659734859476674,0.28132208451974533,-0.1496974185206822,32.31999969482422
2024-05-01,0.03620055676640188,1.0212781054592222,-0.13169165414080397,0.0041979513783148015,0.33261958641706213,-0.12283914586750788,33.4900016784668
2024-05-02,0.03941473958399189,1.0125408184534148,-0.09400271171716235,0.040471091388565084,0.3965517459451761,-0.08225675999952531,34.810001373291016
2024-05-03,0.014650913571193191,1.0121110234329433,-0.0775298151217585,0.042379863100059145,0.4278180803641591,-0.058384396819654905,35.31999969482422
2024-05-06,0.003680664474475792,1.0072966101694916,-0.07114454251534474,0.034191029236196435,0.45126106054317966,-0.03877441062256626,35.45000076293945
2024-05-07,-0.00564177034231661,0.9920074709114007,-0.07355086420084811,0.011071572118073636,0.45126106054317966,-0.03898583133255862,35.25
2024-05-08,-0.020709206871952546,0.9895938462060367,-0.0899864139215577,-0.01568291966982971,0.4287573591769784,-0.059656733351303615,34.52000045776367
2024-05-09,0.029258351915984804,1.0112868945185287,-0.061375212056219985,0.008973670724136351,0.42198803304699234,-0.06253305148190413,35.529998779296875
2024-05-10,-0.008724952694746047,0.9906695705968593,-0.06785937946009457,0.0007387900318842622,0.3935957340521288,-0.08305125330334806,35.220001220703125
2024-05-13,-0.004542868877530193,0.9889649272882806,-0.07010048777445077,-0.001594685964686593,0.3531469128418756,-0.10697904044327444,35.060001373291016
2024-05-14,0.015687370665066203,1.010137531355419,-0.05359253484637716,0.011992728095216787,0.350421344740283,-0.10684721433805722,35.61000061035156
2024-05-15,0.02049984638371849,1.0079549930639995,-0.03275819577549799,0.022164708479748274,0.6098082523590748,0.0600933910923922,36.34000015258789
2024-05-16,-0.003577354638672925,0.9922437155406036,-0.03368495334380861,0.014626725763546622,0.6801426996820328,0.09132003470247785,36.209999084472656
2024-05-17,0.015741499840817186,1.0102142159968492,-0.015761761708023236,0.02166663275824643,0.6900921988090932,0.09856628680348312,36.779998779296875
2024-05-20,-0.01984773155150943,0.9922112703511284,-0.03277954025108054,-0.004088633002934272,0.726060682844998,0.11540840276782727,36.04999923706055
2024-05-21,-0.010540945247082822,0.9925174251742518,-0.040129216572713955,-0.014913033117388341,0.6461124579603219,0.06509394987221495,35.66999816894531
2024-05-22,-0.007288991726373539,0.9907483906502805,-0.044438601969234326,-0.017044170349491572,0.546874925494123,0.017236381799785372,35.40999984741211
2024-05-23,-0.04574975822834293,0.9850852581197175,-0.08356158194702057,-0.04924025053953174,0.3981358256717631,-0.043318199108622335,33.790000915527344
2024-05-24,0.011245849160168353,1.0091266621988642,-0.06862015212414818,-0.024216149305193113,0.4175255071316736,-0.03610726562613498,34.16999816894531
2024-05-28,-0.017559218796399878,0.989278130707189,-0.0805951418777281,-0.027576608596826313,0.39705865853362077,-0.04765958312555407,33.56999969482422
2024-05-29,-0.027703315866254408,0.9870420096809526,-0.10149477154165576,-0.037622367866166906,0.3875595990182161,-0.05446121214324651,32.63999938964844
2024-05-30,0.034313693407726165,1.0137187346189986,-0.06728741369508251,0.005180701097893703,0.39551342419259605,-0.04981707060443363,33.7599983215332
2024-05-31,0.021327051436607514,1.0163138473489999,-0.04401470533937146,0.022417285633101303,0.4583332080381916,-0.021010836252663312,34.47999954223633
2024-06-03,-0.015081219972949755,0.9895245209596442,-0.054256355529266,0.00825366321710752,0.4404760282865764,-0.03137485013495611,33.959999084472656
2024-06-04,-0.03268553122132101,0.9917134831460674,-0.0799092884580136,-0.02051405896495284,0.35918349870183464,-0.07750637711104547,32.849998474121094
2024-06-05,-0.016133905750845057,0.9819253646792239,-0.08884597658389493,-0.034474498484787675,0.29062485968065405,-0.11062191636995344,32.31999969482422
2024-06-06,0.009591626739422932,1.0113130329745614,-0.07660522243523138,-0.018587539478468584,0.316973422311778,-0.0988676638186543,32.630001068115234
2024-06-07,-0.006435883919572616,0.9866386187594149,-0.07879412370666161,-0.012669056463724404,0.26857741731176377,-0.11854270677153389,32.41999816894531
2024-06-10,-0.02282535180641576,0.9842171831240402,-0.09580653067782219,-0.021618259634237136,0.2682926533272223,-0.1212204999824873,31.68000030517578
2024-06-11,-0.0006313275748424108,0.986112003524779,-0.09258967212515268,-0.014995954583668203,0.2789415577178258,-0.11241935877149412,31.65999984741211
2024-06-12,0.04485161056495235,1.0240063297030624,-0.049302294272560165,0.024338935436054365,0.3861193489433885,-0.06580056555768965,33.08000183105469
2024-06-13,-0.006045971942833961,0.9865465552818405,-0.052463185314337135,0.016571877934972168,0.44835415972970644,-0.026931039442320448,32.880001068115234
2024-06-14,-0.013077867737442572,0.9859668844272038,-0.06197603943581431,0.0030911900352894595,0.4029347321123724,-0.05033647931444851,32.45000076293945
2024-06-17,0.026194097199894628,1.0139992149972898,-0.034194743903317004,0.019158923829951435,0.485181101722559,-0.008042909151569022,33.29999923706055
2024-06-18,-0.006606528860247485,0.9832172085821721,-0.03685311950762438,0.0037017076736387544,0.5261906167546924,0.013480467206926194,33.08000183105469
2024-06-20,0.009975755685951215,1.0112107833487998,-0.023085134234188343,0.01168844754345466,0.4770040442805612,-0.010367253895799289,33.40999984741211
2024-06-21,-0.0038910825713548425,0.9740264555659581,-0.022175897061977534,0.00531653840192714,0.4145298657628769,-0.03480280681180148,33.279998779296875
2024-06-24,0.015625014328040088,1.0183294155714382,-0.006547109343209456,0.01276441102086534,0.4886040002151881,-0.004711420839974778,33.79999923706055
2024-06-25,-0.013609440676208173,0.9822528340326907,-0.020182642964550745,-0.0012581575978949378,0.5384616766585403,0.014916337936904833,33.34000015258789
2024-06-26,0.008398283683725305,1.0135579996955397,-0.012055478619323767,0.003881742150061429,0.6062091065316729,0.040222749051223916,33.619998931884766
2024-06-27,0.0065437604905596025,1.0110016990678594,-0.00669977886496087,0.007862780147231518,0.6003316193551326,0.037082410201175975,33.84000015258789
2024-06-28,0.03605204536648987,1.1331742509354603,0.027926452860158824,0.03324299790236629,0.6875003047966044,0.08143131873691867,35.060001373291016
2024-07-01,-0.025385144594538334,0.988987578250467,0.0023025787642914075,0.004822631719794579,0.6731569553738933,0.07859841665982326,34.16999816894531
2024-07-02,0.017851935704987776,1.0078790389395196,0.020599771148946067,0.01417155494978406,0.7005140033175107,0.09854702927738002,34.779998779296875
2024-07-03,-0.03450250116042264,0.9909166385808583,-0.013259812106212854,-0.02059144340907848,0.5330687937479311,0.015114872198423335,33.58000183105469
2024-07-05,-0.0038713835922131734,0.9907421233388084,-0.015778412390531793,-0.022158542332456288,0.5380507247926872,0.017335756578699346,33.45000076293945
2024-07-08,0.0047832539241488,1.0133718496190236,-0.010408209505755828,-0.009080706995957644,0.5803324282670226,0.035747298001204575,33.61000061035156
2024-07-09,0.005950632529231559,1.020202103662819,-0.0032575735631160674,-0.0010636204390948034,0.5388129497656022,0.01531537981727249,33.810001373291016
2024-07-10,0.02040812181847662,1.0184090320072567,0.01762407302905289,0.021012106103447614,0.6008521295653089,0.04292618169120699,34.5
2024-07-11,0.06318841464277636,1.0224581494294007,0.08063519660348883,0.06596918496250592,0.6839144701413153,0.09787490190656079,36.68000030517578
2024-07-12,0.01553979525850191,1.0180292294410005,0.09610405462394178,0.059141299834051475,0.7127545788624109,0.11929090643996121,37.25
2024-07-15,0.048053715853083157,1.0167319901900111,0.146498717966689,0.07678730022317293,0.7471698371232582,0.15502963895695343,39.040000915527344
2024-07-16,0.06557370641801308,1.0181248450145404,0.2168634665401894,0.10012160949032611,0.8251967647764693,0.24775039843219826,41.599998474121094
2024-07-17,0.02884617324411587,1.0240757552273616,0.2464778826408398,0.08425797914280397,0.8370043485299415,0.27305177265992087,42.79999923706055
2024-07-18,-0.026401894585473817,0.9770740391060244,0.20862303098017754,0.029600682664178146,0.7694424163280565,0.23138291906179642,41.66999816894531
2024-07-19,0.013678990510402222,1.0166851073246292,0.21934678923846285,0.01856768722712765,0.7586454531462996,0.20479178619329885,42.2400016784668
2024-07-22,0.013967806087674894,1.01639677288293,0.229793031040326,0.014255990216567982,0.8188513436833902,0.2534388096625606,42.83000183105469
2024-07-23,0.01447580913795865,1.0207506495731375,0.23900368789966464,0.02000094888332571,0.8189846168615231,0.24928126187294408,43.45000076293945
2024-07-24,-0.013348718547075311,0.9754893390862873,0.21492940468163169,0.006054600947235977,0.8581339049396634,0.27665266808409505,42.869998931884766
2024-07-25,0.03802195261784602,1.0265101007928656,0.2514324692848373,0.030617428771807287,0.8818243051756751,0.3303437663685578,44.5
2024-07-26,0.026067412301395754,1.0210067601541986,0.2724067986213501,0.04099219282055233,0.8894633262719127,0.3585242195249845,45.65999984741211
2024-07-29,-0.03460354843708946,0.9801025991792066,0.21960840673878979,-0.0007253909005322523,0.8047477466688189,0.3037562863241021,44.08000183105469
2024-07-30,0.013157849189307624,1.0149904739306725,0.22701577039797072,0.006899034026869089,0.8034647200926284,0.29449274920035107,44.65999984741211
2024-07-31,0.01074786260358973,1.0200015126616657,0.23075243258098488,0.00740937344193604,0.7812499524431054,0.23064337552033498,45.13999938964844
2024-08-01,-0.0458573266019785,0.9825275703076549,0.1661894294800823,-0.03261309966454784,0.6759371031642613,0.1562416025456166,43.06999969482422
2024-08-02,-0.04550729274112797,0.984439748620983,0.10653532660882203,-0.0573695232630842,0.5619389529694143,0.05302253192317208,41.11000061035156
2024-08-05,-0.03089273750688981,0.9793850356824264,0.06717382494729329,-0.06837526401997585,0.4429313198727148,-0.04230765351176824,39.84000015258789
2024-08-06,0.0007529814051701056,1.0180602006688964,0.06267571427291774,-0.04630916220830883,0.39719297174821827,-0.06845795227581897,39.869998931884766
2024-08-07,-0.019061909754038653,0.9862582827746247,0.03728360755056781,-0.03669949235587289,0.4077810495256638,-0.06143502930368727,39.11000061035156
2024-08-08,0.011506028021394332,1.0081855678870604,0.04375130916578884,-0.008471576509060386,0.4026162291037121,-0.06344697440061886,39.560001373291016
2024-08-09,-0.018200232449669063,0.9913888244515209,0.02087618218848486,-0.015312850821778912,0.356371384103885,-0.09315903590678276,38.84000015258789
2024-08-12,-0.01055612373330006,0.9921152646207952,0.006429315096980304,-0.018691587874690385,0.31652040403454534,-0.11553510632030795,38.43000030517578
2024-08-13,0.02498045997525966,1.0098627787307033,0.02690440845585962,0.008293631812836821,0.3762446269313948,-0.0811756386503677,39.38999938964844
2024-08-14,-0.013709086669071002,0.9939561217268224,0.00917605784453146,-0.004203656766809893,0.2821895020185258,-0.1269663264242451,38.849998474121094
2024-08-15,0.03526390734595841,1.0136992153567919,0.03994159482263848,0.027435786919932648,0.2936267042772377,-0.11914145082979688,40.220001220703125
2024-08-16,0.013426083650940335,1.0102619933974855,0.048920412401964875,0.031115577878584766,0.3632617496017976,-0.07531768084416268,40.7599983215332
2024-08-19,0.013738994022361561,1.0076200540912599,0.05785969417486103,0.03021841757703858,0.3622112026841371,-0.07478728535601264,41.31999969482422
2024-08-20,-0.016698902028196683,0.992396171865836,0.03566719935761076,0.006789605360131734,0.3171127718126931,-0.09991135096398429,40.630001068115234
2024-08-21,0.003445714643564246,1.0066469667999305,0.03433842078995242,0.0007363845130932134,0.38942308926723684,-0.05340142218150379,40.77000045776367
2024-08-22,-0.0014717040131794201,0.9957107631526236,0.028192555300181832,-0.0031343513818016255,0.47647049847771134,-0.009730029675022345,40.709999084472656
2024-08-23,0.05993619494668323,1.0148168701442841,0.08344949682637992,0.044389610403040125,0.6711479159409737,0.08308236346921816,43.150001525878906
2024-08-26,-0.014600255986952804,0.991626565319626,0.06265464584659752,0.02319761110140428,0.6290165736826857,0.06646605459925548,42.52000045776367
2024-08-27,-0.011288794380732048,0.9901565440370577,0.0455175854628298,0.0048281568164967315,0.6466465812847008,0.07491690768218184,42.040000915527344
2024-08-28,0.001902902345748414,1.0064326141893445,0.04274844794438648,0.0002849517604046614,0.6330559681754412,0.06471176617102281,42.119998931884766
2024-08-29,0.020180491699274716,1.0091237972704699,0.057644999685328324,0.00963347284943028,0.7117948437050673,0.10633370370468587,42.970001220703125
2024-08-30,0.0004654516452291535,1.007684082091496,0.05196191212445167,0.010863455385524912,0.7435897017894426,0.11865733377776921,42.9900016784668
2024-09-03,-0.010700229849033294,0.9897691946641997,0.03505758486243238,-3.5877707471598796e-08,0.6772007036947417,0.07971564961419175,42.529998779296875
2024-09-04,-0.01058069506602577,0.9926049634715436,0.01897876140256982,-0.010766812073189302,0.684150614787969,0.08314037281327513,42.08000183105469
2024-09-05,-0.006654053750242528,0.9936161521045234,0.007744907995349104,-0.015868562027098965,0.6028643990091727,0.03928388782703762,41.79999923706055
2024-09-06,-0.0050239016341050435,0.9889411518762412,-0.0002764317891413848,-0.01440827001916456,0.556462662708381,0.02036314684086249,41.59000015258789
2024-09-09,-0.0014426874986986915,0.9883031046097042,-0.004279734813306235,-0.008972485533170649,0.5153283866685081,0.005082262488471434,41.529998779296875
2024-09-10,0.005056655558454137,1.0066306378245804,-0.0008617014478867757,-0.00019159378083377643,0.587127064544333,0.027319728800663245,41.7400016784668
2024-09-11,-0.0002396295119372338,0.9852041249964586,-0.0011788292645580345,0.0012476525855114051,0.5769228417967676,0.023546702813191933,41.72999954223633
2024-09-12,0.03450751599581281,1.0115673009870667,0.03305928776530043,0.02903314536577284,0.6614170429628442,0.060427392281886094,43.16999816894531
2024-09-13,0.05165632271297538,1.0177601842112745,0.08400440064505488,0.06288340101025791,0.6518216309993874,0.052143682976478756,45.400001525878906
2024-09-16,0.030836952954365282,1.018825895382209,0.11439845888619948,0.06927433751665335,0.7616133635524217,0.10065848384804976,46.79999923706055
2024-09-17,0.025213682145561744,1.021219577390458,0.1390046041293609,0.06584325495572108,0.8344590545488287,0.14129396996552068,47.97999954223633
2024-09-18,0.011463093837180693,1.0166578299183215,0.1485982447927976,0.046446423885782906,0.8427803768916902,0.15218423575409323,48.529998779296875
2024-09-19,0.024520965821946517,1.010502967368845,0.17201268454784646,0.04265405270025946,0.848296851637956,0.15708633484394285,49.720001220703125
2024-09-20,-0.016693519925117806,0.9707784571966134,0.14947391528714604,0.010457997678761766,0.7809519657476889,0.13724116028906508,48.88999938964844
2024-09-23,-0.005522611191131288,0.9885328972604123,0.14114040981872011,-0.0026257619182528114,0.7953440754029201,0.14319304790463416,48.619998931884766
2024-09-24,-0.023035766279095427,0.9855270771639607,0.1126206313012128,-0.02367836208697094,0.7468120558209859,0.12880223225050802,47.5
2024-09-25,-0.033684178402549336,0.9865440805697352,0.07436278989303458,-0.04625355686870536,0.6666666666666665,0.09808618094861665,45.900001525878906
2024-09-26,0.0063180194158942715,1.0083041009375373,0.08048675927028293,-0.025938445297997048,0.6857833869075205,0.11060347336485554,46.189998626708984
2024-09-27,0.02706213546577585,1.0122285722221835,0.1068982494134536,0.006577532091738059,0.7177597022456669,0.14230676670181608,47.439998626708984
2024-09-30,-0.0014755416705432012,0.9893186433236376,0.10124372832486062,0.010452205512651025,0.7096052541133683,0.13488253538625083,47.369998931884766
2024-10-01,-0.028499018462346037,0.9891131744457774,0.06603042634953704,-0.012107143664330189,0.6452268751036323,0.1028037613847872,46.02000045776367
2024-10-02,-0.001738414390675902,0.9924145231735616,0.060449517665393415,-0.01399382813540706,0.603281151725674,0.06416494267438488,45.939998626708984
2024-10-03,0.007183322614703558,1.0089927168177226,0.06367205941108667,-0.007251951738055151,0.5377931823959153,0.019162971423885233,46.27000045776367
2024-10-04,0.017505972882589482,1.006749187857063,0.07763533361811259,0.011689912525916224,0.5128206292642422,0.005982961507666307,47.08000183105469
2024-10-07,-0.024638989315931115,0.9937202703830427,0.04684227840503419,-0.007049295942294198,0.40550457046004873,-0.04293458509680925,45.91999816894531
2024-10-08,0.013719536002535948,1.0094826198624145,0.056316040457410343,0.004271651151792177,0.4098361453099926,-0.040799497054201606,46.54999923706055
2024-10-09,0.004511258601814783,1.0098233597692863,0.05666343059969492,0.005245479412304466,0.3519999114990571,-0.059533443815311005,46.7599983215332
2024-10-10,-0.03015397557794175,0.9902104143067999,0.021051415297673515,-0.021194870699281165,0.3327031992973458,-0.07240746491555228,45.349998474121094
2024-10-11,0.041896396688152926,1.0112105602506951,0.059636811980384286,0.01906572017810193,0.4438985009586729,-0.02817768329867909,47.25
2024-10-14,0.02264549618675593,1.0093996818780167,0.07905916926239831,0.031464811855928865,0.5337170825605645,0.017263151469983473,48.31999969482422
2024-10-15,0.010761598945526751,1.010500791295075,0.08611171964411612,0.03247084487094343,0.6326713505708443,0.06405225553318084,48.84000015258789
2024-10-16,0.0208845301919931,1.0077635054747838,0.1031339702297136,0.04039731309165351,0.6553767648614,0.07945447267280126,49.86000061035156
2024-10-17,0.007220228759420078,1.0117256283015847,0.10532139701397414,0.027035888501247385,0.6272893840072801,0.058600393643961635,50.220001220703125
2024-10-18,-0.01752292008612011,0.9881597510646994,0.08082058779846801,0.0004866531389151607,0.5839726929070762,0.04158752934607124,49.34000015258789
2024-10-21,-0.0381029805898091,0.9839282140236173,0.03718999819315982,-0.034266668388858945,0.5587274482721711,0.03129071300272135,47.459999084472656
2024-10-22,-0.014538530131045224,0.9900461754395481,0.01974295164199069,-0.04022162600323087,0.5322455773852361,0.01806708436800286,46.77000045776367
2024-10-23,-0.002779582357127275,0.9903159307732873,0.014365088254205238,-0.03007113649609705,0.5146013674490052,0.00799651887236319,46.63999938964844
2024-10-24,-0.10313030920968047,0.9753594423197948,-0.09010322680066496,-0.09864674913782157,0.34253154847364115,-0.11151231511926196,41.83000183105469
2024-10-25,-0.05211571144511273,0.9814302731217561,-0.13596318059519485,-0.10838765195117694,0.32278135167493005,-0.13654174418732157,39.650001525878906
2024-10-28,0.030264739017953568,1.0206188546204584,-0.108774294359547,-0.053258594690222316,0.34392110386402125,-0.12244899798841302,40.849998474121094
2024-10-29,-0.02472456203818585,0.9839315924712079,-0.12953231410052446,-0.046022702682577465,0.318468020584157,-0.1479897009696559,39.84000015258789
2024-10-30,0.004267022296541523,1.0109423673210984,-0.12482845940446119,-0.010535209685897162,0.35016831124683034,-0.11775083422847643,40.0099983215332
2024-10-31,-0.007498106714468156,0.9840452028863808,-0.13039671312593215,-0.007547746449353077,0.26757078006591767,-0.15957673895295965,39.709999084472656
2024-11-01,0.033996532861826134,1.0165316748625977,-0.10057223927059011,0.019010321684428844,0.28,-0.150248310583306,41.060001373291016
2024-11-04,-0.005601547358591641,0.9856224122476275,-0.10526744020567291,0.013402871095102409,0.2529302696198691,-0.16400487912588135,40.83000183105469
2024-11-05,0.035023179680361505,1.0113825832761918,-0.07419479978666166,0.036444757515615045,0.271359618952399,-0.15242683906507015,42.2599983215332
2024-11-06,0.1708471724435503,1.045881446168339,0.07939485339246977,0.15965124934017494,0.4842418668368009,-0.014735198336907507,49.47999954223633
2024-11-07,-0.06447046597051787,0.977066004326139,0.008090444276363185,0.05242816701525732,0.44086854435441586,-0.06181595516068461,46.290000915527344
2024-11-08,0.00475259022801322,1.0131573433899015,0.012269740255697936,0.031858688866353235,0.48031493324433955,-0.020016872761598137,46.5099983215332
2024-11-11,0.03354120467832322,1.0129382246301888,0.045500020056448376,0.03327458744288747,0.5259999966430648,0.027795578882547467,48.06999969482422
