Date,Pct_Gain,OBV_Ratio,40D_MA_to_Price_Ratio,5D_MA_to_Price_Ratio,RSI,ROC,Close
2019-11-15,0.0,,,,,,112.05999755859375
2019-11-18,-0.007228248940218118,-inf,,,0.0,,111.25
2019-11-19,-0.0016179802712429359,1.999324252702989,,,0.0,,111.06999969482422
2019-11-20,0.0064824094956459355,0.600412212627491,,,0.4210535708708668,,111.79000091552734
2019-11-21,-0.011628974336802655,1.7755358837943442,,-0.007562976940810762,0.23920289359156668,,110.48999786376953
2019-11-22,0.0029867122584397165,0.6538853661569066,,-0.0023765793438764726,0.3143717977710315,,110.81999969482422
2019-11-25,0.00866268802667669,0.4625988743535138,,0.005306227114732387,0.4674420255140966,,111.77999877929688
2019-11-26,-0.004025737637827986,2.928850343211805,,0.0007910862291671261,0.4231583444695724,,111.33000183105469
2019-11-27,0.01023982188896766,0.7637251599865275,,0.009804461778540441,0.5348050683018701,,112.47000122070312
2019-11-29,-0.009602576859009448,1.2560271958838662,,-0.0015059502068993647,0.451937012080055,,111.38999938964844
2019-12-02,-0.004309145616026133,1.250888768598306,,-0.005969001475442881,0.4228191699624982,,110.91000366210938
2019-12-03,0.0007212532595695098,0.791028280040233,,-0.003841416347802773,0.4289507999728462,,110.98999786376953
2019-12-04,0.008559371077768274,0.777968344557881,,0.0035861710829807603,0.49292481263889015,,111.94000244140625
2019-12-05,0.0023226237374081027,0.6953770133510714,,0.0064043636583619445,0.508009127349926,,112.19999694824219
2019-12-06,0.007932258590514829,0.5049058460192954,,0.011303246949869283,0.5534787065983638,0.009191493858085265,113.08999633789062
2019-12-09,-0.017331321495639318,1.9211324022951175,,-0.006614829066232786,0.49443400532925674,-0.0010786763737710148,111.12999725341797
2019-12-10,-0.0008098293900377085,1.5424896452621792,,-0.0075080253211887715,0.4985968748706427,-0.0002700889473241652,111.04000091552734
2019-12-11,0.006123922006206373,0.7353889431815068,,-0.0010372090916384025,0.49671362511327694,-0.0006261713413627801,111.72000122070312
2019-12-12,0.005907590632862725,0.5353279431672815,,0.004540891944374792,0.5944057596331785,0.017105615224816573,112.37999725341797
2019-12-13,0.010144148580798928,0.03016031366726214,,0.013951642621105487,0.6247690728220923,0.024363805772220193,113.5199966430664
2019-12-16,0.008985238747566848,-32.10769230769231,,0.016867911365183508,0.6268385433722681,0.024691377405361425,114.54000091552734
2019-12-17,-0.0016588304512619167,0.07419741255390512,,0.009249612389153228,0.6421845669092224,0.027126530076315936,114.3499984741211
2019-12-18,-0.004809754522976717,-14.805941233451728,,0.0007211152562289769,0.5663012969231354,0.01182539180776554,113.80000305175781
2019-12-19,-0.002724122844243615,2.115845945828063,,-0.0039494604905165875,0.6133910070238315,0.01885266617854242,113.48999786376953
2019-12-20,0.0022028372958478037,-0.06410018552875696,,-0.002140666855027673,0.6566997217760708,0.025516131171375855,113.73999786376953
2019-12-23,0.0013188106971706581,6.992120919762019,,0.000316194962385552,0.6593407698982608,0.026128494294038962,113.88999938964844
2019-12-24,-0.0010536723788316937,0.7053168981694417,,0.0002813279726736617,0.6106405649628909,0.0163479914395932,113.7699966430664
2019-12-26,-0.010459654101468652,0.04059341375937398,,-0.008053261824671032,0.5206524461339689,0.0033868528801102027,112.58000183105469
2019-12-27,0.0068395508131355864,20.750200803212852,,-0.001022335919099171,0.5143173073933753,0.0022990728150138473,113.3499984741211
2019-12-30,-0.0037053213462654444,0.18216304095378183,,-0.003300845739370617,0.6193637038820904,0.016197274329568634,112.93000030517578
2019-12-31,0.004604592594183998,6.963450913727157,,0.0020668289844809618,0.6511918425720558,0.0217038545825321,113.44999694824219
2020-01-02,0.009784051478273437,2.1953005797985963,,0.010460939416197856,0.669047523896371,0.025420661536515787,114.55999755859375
2020-01-03,-0.0059357569803367705,0.6157075340561579,,0.0021648375451350788,0.5890736535746711,0.01334757106834128,113.87999725341797
2020-01-06,0.00886900386889633,1.7522463539079784,,0.00832003223439659,0.5826298308372914,0.012068382550165513,114.88999938964844
2020-01-07,-0.0034816043868387547,0.42744865617027855,,0.0020655737704917687,0.49674034786864313,-0.00043655536369946457,114.48999786376953
2020-01-08,0.017556137424529883,2.6526404629852904,,0.014242944782668188,0.6132772397182027,0.01880193751262249,116.5
2020-01-09,0.01622317072659607,1.5818940048179628,,0.023869243617476776,0.7119111524399264,0.04033388589456388,118.38999938964844
2020-01-10,0.0021116648474437394,1.2284915920208601,,0.017652812587811262,0.7390902103574198,0.04537846173951676,118.63999938964844
2020-01-13,-0.0053101589401469695,0.8031188969840137,,0.006859737402913124,0.6914801170342919,0.037541800181632556,118.01000213623047
2020-01-14,-0.00821965259845825,0.5854271173853849,0.03354337066741997,-0.005742630131677751,0.631579081552981,0.027658280294671878,117.04000091552734
2020-01-15,0.0024777931754857985,1.4580581775671877,0.034900229245731884,-0.004682639401583977,0.6466230479514684,0.031291248070940636,117.33000183105469
2020-01-16,0.013040132578366004,1.3428322856338653,0.04663911543134547,0.007493046267644576,0.7516026013309874,0.05578254287756246,118.86000061035156
2020-01-17,0.001430238667948558,1.3116270206751992,0.04630259864187258,0.008267385414643114,0.7390573071698987,0.050110281267207846,119.02999877929688
2020-01-21,0.010837611768099276,1.2710415698124904,0.055663159322011824,0.015221567746456,0.7898038976332721,0.06543876179649444,120.31999969482422
2020-01-22,0.00639957318001505,1.1588554664431447,0.059954499748843926,0.014783005341062028,0.7938461303710938,0.06734243803579765,121.08999633789062
2020-01-23,-0.0009909581370591836,0.8643505534934032,0.056557318102735454,0.007629915681380606,0.7668612237274914,0.055953245449668065,120.97000122070312
2020-01-24,-0.014135728422064342,0.8713389121338913,0.03992363786436037,-0.007275188541319255,0.7062886369939234,0.04724275564250613,119.26000213623047
2020-01-27,-0.000251540992449506,0.8169987995198079,0.03787466687375396,-0.007855253116878735,0.679933979744763,0.03777529802716839,119.2300033569336
2020-01-28,-0.0004193831279877269,0.8171185227139147,0.03592670655021846,-0.006386210143925708,0.7002564416634308,0.040964298444540415,119.18000030517578
2020-01-29,-0.006796421853663803,0.8025528520143598,0.027327885938279284,-0.008643064518701338,0.5889631342259711,0.016051525721734183,118.37000274658203
2020-01-30,-0.0018585893013293164,0.5880292018381514,0.023810211760725064,-0.005789397975567323,0.48642544285498523,-0.00202718020953474,118.1500015258789
2020-01-31,-0.022936936516916417,0.1592351392545379,-0.0006362650273809001,-0.022308040614322566,0.35840706172119324,-0.026972327753749026,115.44000244140625
2020-02-03,0.022089356968418183,5.888966237382527,0.02010334476408171,0.0013918565159456442,0.4992434079537387,-0.00016951336411163975,117.98999786376953
2020-02-04,0.016950589339862487,1.5910958094450027,0.03565092486979071,0.01696780492256189,0.6035087756869942,0.025205031828146707,119.98999786376953
2020-02-05,0.005250478323433061,1.3539223061135413,0.039399756116957674,0.018423160212981404,0.6127485764814711,0.028040576699765785,120.62000274658203
2020-02-06,0.005637541781560396,1.2581607665873282,0.04297435300292185,0.01874560959642335,0.5887920005685957,0.020528373118599452,121.30000305175781
2020-02-07,-0.0193735040757822,0.7848233074918496,0.021032209919056744,-0.006846478656353128,0.4974873793889391,-0.0006721148607505834,118.94999694824219
2020-02-10,0.0036149669290272968,1.2818063727363032,0.023041552855517677,-0.005564460230185753,0.468791414548741,-0.007812520310758297,119.37999725341797
2020-02-11,-0.0036019460133089876,0.785432868175044,0.01792382305911766,-0.007426589168383568,0.42730980936881274,-0.017672800845389136,118.94999694824219
2020-02-12,-0.0206809512197218,0.47360141307647724,-0.0037608206380411735,-0.021207593921480195,0.36869865197673257,-0.037034002742217687,116.48999786376953
2020-02-13,0.0029187395786784975,1.821663752913753,-0.0013420112644844107,-0.010921066355297104,0.4225621814705514,-0.020375652034619218,116.83000183105469
2020-02-14,0.004279722606895353,1.3051527923287933,0.002293683620726794,-0.0039559689449002455,0.44121286515196223,-0.015935599030312497,117.33000183105469
2020-02-18,-0.03980225088268319,0.2616011519960783,-0.037365496457737124,-0.03256274474654286,0.343118512217124,-0.05470713732481214,112.66000366210938
2020-02-19,0.009852591380044018,2.2176520191136513,-0.02793919287804625,-0.014261486431013215,0.39089170531429995,-0.0388612485999833,113.7699966430664
2020-02-20,0.0007911045964739127,1.5191283957919641,-0.027195126866094266,-0.008965099634154261,0.3976133656766179,-0.036309782988768635,113.86000061035156
2020-02-21,-0.0050939911114137315,0.6180219016165479,-0.03202446471752707,-0.007882304462019762,0.4426141652099746,-0.01871105003835849,113.27999877929688
2020-02-24,-0.01703743225612131,0.39987849741807013,-0.048024138401201344,-0.014462235050663796,0.317582556700616,-0.056275951435433846,111.3499984741211
2020-02-25,-0.025325547673712978,-0.9903218546027459,-0.07132956573685167,-0.03234722375010857,0.1987383829303836,-0.0955079530669194,108.52999877929688
2020-02-26,-0.02192939537627614,2.5415625,-0.09029359439977747,-0.04053001900638764,0.15166109185906676,-0.11996352919261688,106.1500015258789
2020-02-27,-0.04870464526262763,1.8118998915752882,-0.1323791617787211,-0.06550183062964454,0.09778309627141311,-0.1675185423215021,100.9800033569336
2020-02-28,-0.0030699661089582664,1.720958926081753,-0.13266175842301497,-0.04610750728922508,0.10637386265513428,-0.15367800965350942,100.66999816894531
2020-03-02,0.019370265353181093,0.7003914483589281,-0.11358151968763452,-0.011272744567152992,0.16127746997738326,-0.1403919826808011,102.62000274658203
2020-03-03,-0.02163322121697242,1.4284690660443025,-0.13022572686510858,-0.017266355209979323,0.1503959490886858,-0.15594784277661478,100.4000015258789
2020-03-04,0.03177285621046,0.6798566821927624,-0.10038887436275079,0.019065005140076696,0.26338957235931604,-0.11073913436726945,103.58999633789062
2020-03-05,-0.03291819821667041,1.3099690115310834,-0.12729109927467486,-0.012927122473552433,0.22551921020532958,-0.14251477587029493,100.18000030517578
2020-03-06,-0.011179903605212593,1.2753053539531067,-0.13375776137995843,-0.02085600615395089,0.20484642853093094,-0.15571468496836982,99.05999755859375
2020-03-09,-0.06723194222547269,1.2856133377498067,-0.18737974939034663,-0.06785301497162666,0.19247107882296077,-0.17983313933660428,92.4000015258789
2020-03-10,0.042857132241102436,0.7613493876569505,-0.14838144820289245,-0.01991495628280393,0.2567756972987169,-0.1530280086702972,96.36000061035156
2020-03-11,-0.040680761146904776,1.2544130207074369,-0.1783841236036503,-0.03796517804863586,0.2296819685920009,-0.1881257513975274,92.44000244140625
2020-03-12,-0.08697534295959752,1.2933458029408063,-0.24436405409961615,-0.09180905543085272,0.19328801178569818,-0.2549434813261676,84.4000015258789
2020-03-13,0.05236964560468693,0.7326828066676334,-0.1996846355381997,-0.022710283861926972,0.2727455882022484,-0.20233497160337266,88.81999969482422
2020-03-16,-0.12823687715360532,1.27682655365853,-0.2957419796515338,-0.11901240757074116,0.23254211488053642,-0.28655670159330837,77.43000030517578
2020-03-17,0.035903380709544575,0.754002246651788,-0.26395963345644324,-0.05256321159693911,0.2784420446154114,-0.24437119235539706,80.20999908447266
2020-03-18,-0.07068941819802277,1.2948177437569879,-0.30872989773225434,-0.08066106764963787,0.27608396470112395,-0.26183404201274274,74.54000091552734
2020-03-19,0.06278508515822812,0.7583086827910214,-0.2581268126845032,-0.010294325882317601,0.330862633093314,-0.21307238838173614,79.22000122070312
2020-03-20,-0.022216638590135673,1.325699862322166,-0.26714351657579183,-0.004011739920639079,0.3010122647190506,-0.2451764079975859,77.45999908447266
2020-03-23,-0.05861090845839445,1.2486975109911032,-0.30245129225494716,-0.05138547601873955,0.29035696238279285,-0.2737052085586912,72.91999816894531
2020-03-24,0.10189249165861902,0.827495330406246,-0.22416250179018526,0.04489062030932578,0.3334766350582859,-0.2243459666507288,80.3499984741211
2020-03-25,0.08052272985153786,0.6592459048660012,-0.15508994905722595,0.09408473963981878,0.40829213837149914,-0.13335995777254273,86.81999969482422
2020-03-26,0.0589726188041817,0.6017748585004542,-0.09947277530961496,0.12261597256391532,0.45366999312520434,-0.07187558341071065,91.94000244140625
2020-03-27,-0.022297182916264258,1.562945995017523,-0.11341686227669578,0.06524933375704389,0.48262493410233576,-0.02716452483528886,89.88999938964844
2020-03-30,0.02402941013211435,0.7214593984911625,-0.08684629113986975,0.04353250668672626,0.46940226414145975,-0.04472807732766604,92.05000305175781
2020-03-31,-0.020315075334984667,1.6594317543531174,-0.09918413889504052,4.435025472360188e-05,0.4834746876082611,-0.024448313246886677,90.18000030517578
2020-04-01,-0.06730982118299944,1.2287593682743758,-0.15222162087920676,-0.0616284052686249,0.49781658736470924,-0.0034360297427059594,84.11000061035156
2020-04-02,0.024253963865460637,0.8358068137211015,-0.12405121039224531,-0.02628960876407327,0.4791504171203433,-0.030060776605709716,86.1500015258789
2020-04-03,0.0013928626240529152,0.8454881280984359,-0.11495031595020089,-0.016888547007066657,0.5837755373545268,0.11416758753776879,86.2699966430664
2020-04-06,0.09064564737586234,0.7091879495059089,-0.028530313597157075,0.0672640348797644,0.6200691582047061,0.17304572262618212,94.08999633789062
2020-04-07,0.003932434488075565,0.6478299704555345,-0.018395991832715897,0.06115754825046138,0.6897142131364475,0.267239038426089,94.45999908447266
2020-04-08,0.051026886952580286,0.4587183856438829,0.036991375001300675,0.07854427403611974,0.6905394374656504,0.2532188494002614,99.27999877929688
2020-04-09,0.017626913995943072,-0.24534118408681044,0.059547767543361774,0.06318271826246158,0.723921661517346,0.30428608279636515,101.02999877929688
2020-04-13,-0.014946076952144782,-2.3646415781868444,0.04847011255417111,0.018878729241970982,0.7681450716662976,0.36478331242538786,99.5199966430664
2020-04-14,0.01688103257480189,-0.33205802646261756,0.07071815532611758,0.021211315493708582,0.7377422114519524,0.25948971835807066,101.19999694824219
2020-04-15,-0.03833989496464474,-5.1828292526804285,0.03386184378757395,-0.023577791886157495,0.6272418506399371,0.12093987602980794,97.31999969482422
2020-04-16,-0.016646144180662015,2.226460825935932,0.02155455899106329,-0.032883975652798436,0.5497880499789869,0.040896175842851434,95.69999694824219
2020-04-17,0.07972837122386811,0.3371261761626415,0.10610969172176343,0.03939086527529989,0.6550530554361447,0.14951610337816934,103.33000183105469
2020-04-20,-0.017323148009365297,1.9727889757301522,0.0903741371553668,0.017251414179652258,0.6104258309193711,0.10309611677506947,101.54000091552734
2020-04-21,-0.03870396168742607,1.570587070070999,0.052052972110611995,-0.015035311701800502,0.5825005468324972,0.08239077711279785,97.61000061035156
2020-04-22,-0.015674610897754904,1.510899725183543,0.03904813674010632,-0.02804190693370512,0.6478142701502476,0.1423136503845175,96.08000183105469
2020-04-23,-0.002601998285133189,1.2572327347975274,0.03924414765381368,-0.03082586146038857,0.6250645886327555,0.11236216057718784,95.83000183105469
2020-04-24,0.03620996717521341,0.838149986021806,0.07736585837656218,0.012521426943204128,0.6549346385128473,0.15103752075709198,99.30000305175781
2020-04-27,0.014702910771429378,0.790739852821614,0.09317958500783718,0.029045306070349053,0.5934435964729077,0.07088963819689087,100.76000213623047
2020-04-28,-0.02699485076454844,1.237325670296064,0.06499235199961251,0.0003877365935902599,0.547055744307037,0.03789965981106147,98.04000091552734
2020-04-29,0.011219894572102929,0.7701574585046769,0.0773100877480688,0.0053339071226330415,0.4979603822877153,-0.001410146971895787,99.13999938964844
2020-04-30,-0.015231008125143664,1.3041570528249478,0.06262207766159222,-0.013579357088114752,0.45011736235248556,-0.03365338579589927,97.62999725341797
2020-05-01,-0.02550443443428818,1.177005417927102,0.03694257226578723,-0.03058833560399199,0.4375357015788666,-0.04401122790555401,95.13999938964844
2020-05-04,0.0012613280150501893,0.8299467592342269,0.03932663183892671,-0.018363159086029368,0.4113433812056855,-0.058695602679214254,95.26000213623047
2020-05-05,0.02771361883734791,0.8175753443101419,0.06653014383810296,0.009132718859870437,0.5089894862907437,0.005959739343130543,97.9000015258789
2020-05-06,-0.011644528824109268,1.191557630909313,0.05399607925512573,0.002299629646629775,0.5166772337040559,0.011076334605962135,96.76000213623047
2020-05-07,0.022529973718959928,0.803678109674543,0.07583824768564629,0.02210744712597168,0.41663503447860206,-0.04248523479972566,98.94000244140625
2020-05-08,0.0009096051715171694,0.7626938118880537,0.07255126275553381,0.014880376258983308,0.4490458299608184,-0.024719343249943182,99.02999877929688
2020-05-11,-0.002928414814723501,1.2538712751023733,0.06654566668656448,0.0047418168777944025,0.5269175171134352,0.011576654506220141,98.73999786376953
2020-05-12,-0.035851741868694775,1.255918232390322,0.023397282202631597,-0.025927545122903295,0.4808694590692935,-0.00915908478394789,95.19999694824219
2020-05-13,-0.020168048639635616,1.3284390025356914,-0.0007525537797420379,-0.03872709890237447,0.4483177292050275,-0.026609652541313644,93.27999877929688
2020-05-14,0.005789032189044141,0.7790201620894308,-0.00013055359272551303,-0.022850821281521605,0.37396495180741923,-0.055186336238854605,93.81999969482422
2020-05-15,0.0007461063211673391,0.6165553130620679,-0.0032802938187164177,-0.011538533704019138,0.3312038510637102,-0.06818184399493743,93.88999938964844
2020-05-18,0.05336033836190257,0.4898513167228874,0.04396476154721363,0.04085544095039051,0.5189929468537171,0.008771935968182598,98.9000015258789
2020-05-19,-0.018908015346114193,1.7095653972898288,0.01775004045159001,0.017256554053377338,0.454933782992808,-0.021283040380690954,97.02999877929688
2020-05-20,0.010821427032542186,0.6308260147984234,0.024002692451972063,0.018018782513856024,0.5098040193437526,0.004609285980707867,98.08000183105469
2020-05-21,-0.027222656189836214,1.9621123884953207,-0.006101794958502493,-0.012952322133299443,0.5058366670009131,0.0028379679860530693,95.41000366210938
2020-05-22,-0.007231971647856383,1.4552107994105856,-0.014003490277097908,-0.021770563809474175,0.4886075778222236,-0.005668705683578468,94.72000122070312
2020-05-26,0.02565456370206065,0.659927246899835,0.009384747605191368,0.006965319682127991,0.48403576363108436,-0.0076608783279921155,97.1500015258789
2020-05-27,-0.011837380420138932,1.4482267131107605,-0.003586052201690393,-0.0028253453059373657,0.4838297470320853,-0.00785450722872505,96.0
2020-05-28,0.02229166030883789,0.7266281697213156,0.016526051931185615,0.019276288974558353,0.4829496414575846,-0.008085739155217708,98.13999938964844
2020-05-29,0.004483415978629557,0.381077756585676,0.01727186668614955,0.0171485278688277,0.49055025816883097,-0.004544046791771339,98.58000183105469
2020-06-01,-0.014911758910518103,1.8813129023483544,-0.0007228769917426714,-0.00293646616969534,0.4673870268610111,-0.016507973351051253,97.11000061035156
2020-06-02,0.0014416577980487233,0.19385994505759313,-0.0021009756928925816,-0.001704035944679494,0.54747572836119,0.0215336461919462,97.25
2020-06-03,-0.0015424321427136567,4.73354216388226,-0.0044089166391394485,-0.0054897946103793505,0.5963672253468157,0.04095196982005156,97.0999984741211
2020-06-04,-0.0011328590327515098,1.9228054327160429,-0.006181290403127759,-0.0042708035760888885,0.5817430576103447,0.03378808547491596,96.98999786376953
2020-06-05,0.05206725603655493,0.4504105368390575,0.04482541383228855,0.04018431935352429,0.6672136952070093,0.08680372328107033,102.04000091552734
2020-06-08,-0.006958046629776282,1.840471079091317,0.03747579582650662,0.02413537242606245,0.5605380790894303,0.024570275709651312,101.33000183105469
2020-06-09,-0.021908627065895914,1.3705229167353126,0.014852628703816873,-0.0020540843057237357,0.5509304716771057,0.0214366882121253,99.11000061035156
2020-06-10,-0.015740062042041925,1.293229792758571,-0.00018702204403797662,-0.018651138654351085,0.48733878216975085,-0.005403739492275017,97.55000305175781
2020-06-11,-0.06847770472781556,1.328295278357185,-0.06711014361136558,-0.07445507178795419,0.4089815741325086,-0.04758411844952415,90.87000274658203
2020-06-12,0.025751031882505826,0.794725807490014,-0.042475341354755614,-0.0332317125281788,0.4716058309339049,-0.01594174532063275,93.20999908447266
2020-06-15,0.004398709002644718,0.7877533768909709,-0.03585917745503331,-0.013196716413901521,0.42816447441964456,-0.03633555042566361,93.62000274658203
2020-06-16,0.02061525580596335,0.7093693411727885,-0.014463280737873063,0.01476211644001757,0.4911243226844868,-0.004687468210856083,95.55000305175781
2020-06-17,-0.0007325975153166242,1.337898823855686,-0.0146440868562141,0.018496801133121243,0.4428695167428786,-0.027104096691031865,95.4800033569336
2020-06-18,-0.010997099024311674,1.1739634321572765,-0.02506511228203423,-0.0002964428984518763,0.41314356830094484,-0.042097803294740554,94.43000030517578
2020-06-19,-0.005506688990637443,1.2842902375305492,-0.02995304773719565,-0.007272869863153675,0.4302529074176066,-0.03295229047605508,93.91000366210938
2020-06-22,-0.006176145335288763,1.1678024941333809,-0.034455634529079515,-0.012798821441764696,0.4161677213372388,-0.04030846446216263,93.33000183105469
2020-06-23,0.000642853931390297,0.8619281679701819,-0.03198975124038084,-0.00762955653395192,0.42035210522471006,-0.038208024127430185,93.38999938964844
2020-06-24,-0.04775670964365608,1.3392594938084195,-0.07603755154536396,-0.04168194085717236,0.3541968571531096,-0.08310132731330377,88.93000030517578
2020-06-25,-0.0007871325152817299,1.1314528634708414,-0.07429303640523599,-0.03080145405519996,0.20917911269385342,-0.12916503515211353,88.86000061035156
2020-06-26,-0.001012873808991066,1.1865944998033302,-0.07309182372384038,-0.020803952500353606,0.21506341501239093,-0.1239514947303495,88.7699966430664
2020-06-29,0.016785012386056453,0.9095043248562698,-0.056331533754325425,0.0024211181424140804,0.29235109527074316,-0.08929470708929399,90.26000213623047
2020-06-30,0.015953853068143342,0.8962820381401458,-0.04038346587445851,0.02225093233933695,0.3619630620692038,-0.05996930723222782,91.69999694824219
2020-07-01,0.0067612079303773776,0.9083205550707817,-0.032482886928429044,0.021442328177013303,0.5479179273064666,0.01595682738434534,92.31999969482422
2020-07-02,0.009098829831692967,0.9081817524698684,-0.022757875626420176,0.021021063206241752,0.49816598032032233,-0.0005363740248294224,93.16000366210938
2020-07-06,0.0005366618763198439,0.8878947138701536,-0.020761941994163258,0.011722552650813345,0.484551487185266,-0.0043794450980653155,93.20999908447266
2020-07-07,-0.016521842405895715,1.116983347164912,-0.03507550921001801,-0.00802927484194671,0.34937874953797166,-0.040607061840811975,91.66999816894531
2020-07-08,-0.0006544950342769473,1.102419728540992,-0.03389437189262334,-0.008485395498814108,0.3496502750316114,-0.04053207593756325,91.61000061035156
2020-07-09,-0.016155478081793184,1.095365460753418,-0.048230051840642774,-0.01985735033374003,0.3383457870263609,-0.04553640832215611,90.12999725341797
2020-07-10,0.007544661332495428,0.8942260487033102,-0.04042355085094251,-0.007389119508847353,0.3848438128815404,-0.03301039274441442,90.80999755859375
2020-07-13,0.02158351654186541,0.8215780666382175,-0.019440528260365908,0.015011254354693415,0.48113190571839426,-0.006000269763221433,92.7699966430664
2020-07-14,0.020265225297418477,0.8417864281649864,0.00022985759773774816,0.028871479059752403,0.5378151645333228,0.013491831507283836,94.6500015258789
2020-07-15,0.026518775443909348,0.8043303429054757,0.02722693764057782,0.0435642331451338,0.7797415136683244,0.09254473550760345,97.16000366210938
2020-07-16,-0.014512182060150036,1.1777270180580097,0.012662237799514253,0.016152312731269047,0.7146414806617648,0.07753769235114993,95.75
2020-07-17,0.02955615489352148,0.7966208996296675,0.04245482583349225,0.029212180547881328,0.7610430213838062,0.11051037015843468,98.58000183105469
2020-07-20,-0.028910513503594637,1.1875043065629722,0.012231289185974825,-0.006682286761934386,0.6357319785453193,0.06060271539155493,95.7300033569336
2020-07-21,0.011281668899909558,0.858244780645935,0.023085712192169927,4.1281292508354994e-05,0.6291055685689128,0.05572519935017861,96.80999755859375
2020-07-22,0.007024071091048301,0.8369271265279631,0.03017940122015328,0.006379529078789137,0.6302266140872788,0.05600084690246332,97.48999786376953
2020-07-23,-0.009436846744328542,1.196710540488141,0.020304118647991753,-0.004802345170017541,0.5855493221399819,0.036603648547319345,96.56999969482422
2020-07-24,-0.0022781528569779663,1.1832455785068179,0.018461241932375083,-0.002484738762231209,0.5781094138349349,0.033687366382256556,96.3499984741211
2020-07-27,0.0008303251927521682,0.8592053368019503,0.019886355813609535,-0.003101400577969482,0.6276824126559493,0.05192540887213637,96.43000030517578
2020-07-28,-0.0008296363248108118,1.191470054446461,0.019245041366720228,-0.0029801992112161724,0.6270095122055929,0.05174105263824136,96.3499984741211
2020-07-29,0.02459784934214193,0.73918600115171,0.0439104438853406,0.018950513953325032,0.7196930760648269,0.09530682601856388,98.72000122070312
2020-07-30,-0.022791733915904167,1.192498102662304,0.020287840672207347,-0.004067545409130124,0.6339962329883009,0.062327979454655846,96.47000122070312
2020-07-31,0.0001036813113288737,0.7827179121902699,0.020531239332648,-0.004231577610894988,0.596765887198068,0.039991450340798096,96.4800033569336
2020-08-03,0.008810099964201568,0.8003284691185181,0.030806108588319114,0.0026784857018844477,0.5738698806004423,0.02831484693048858,97.33000183105469
2020-08-04,-0.010685306647097104,1.2853817222749262,0.021154304098504273,-0.007912802447342604,0.47390514565181874,-0.008954330113115416,96.29000091552734
2020-08-05,0.007581220486013507,0.8324216807558429,0.02946633934551457,0.0031224368486926224,0.5397122205358136,0.01326367251244287,97.0199966430664
2020-08-06,-0.0029890053202092925,1.3149720178582658,0.026612570523492973,-0.0004133291646685189,0.4312267679079616,-0.018766468246689594,96.7300033569336
2020-08-07,0.03432233618945957,0.7859171767406274,0.059268227239122506,0.026322287365770025,0.6551725082912172,0.04512691469065255,100.05000305175781
2020-08-10,0.00329829276956084,0.6899075758589848,0.06074892647803298,0.023304147079208137,0.6355353932906465,0.03687635352602392,100.37999725341797
2020-08-11,0.0033871685254860395,0.6062335188337288,0.062349212029211065,0.01757931814672231,0.6258770388421392,0.03313163840096833,100.72000122070312
2020-08-12,0.013602016487127333,0.49493009790657416,0.07494553566187379,0.020961218559438777,0.7078313374142194,0.05716057430372201,102.08999633789062
2020-08-13,-0.007836178382409908,2.091972605155639,0.06489342963870959,0.003805533472707845,0.6782109546331282,0.051271432481995394,101.29000091552734
2020-08-14,-0.005726150911365746,1.411080355762881,0.057050931736838395,-0.0032463021961840477,0.6490251791528174,0.04438451483720618,100.70999908447266
2020-08-17,0.011418940883062945,0.6326124188473334,0.06689570745954287,0.0051907649798035305,0.6785485248257178,0.05718736090805865,101.86000061035156
2020-08-18,-0.00294524887060843,1.636513882767739,0.061465918998653724,0.0005714040891247052,0.6062874046324638,0.028768195935709118,101.55999755859375
2020-08-19,-0.007286312343032453,1.3225322445681968,0.051690009008622306,-0.00422724280712472,0.6835444993919009,0.04509172197654698,100.81999969482422
2020-08-20,-0.005356089239852091,1.2436638667684812,0.042969977842293616,-0.007580709505458749,0.6534733824335092,0.03938635250980416,100.27999877929688
2020-08-21,-0.015456675720296076,1.3937839892403954,0.024220627255461924,-0.019075972608707525,0.5535169640560447,0.014384069655202891,98.7300033569336
2020-08-24,0.014180024803838398,0.7790905009838431,0.03569273966056019,-0.0017347471323178043,0.6428573050469913,0.039879492173432896,100.12999725341797
2020-08-25,0.02456805305054255,0.5069764185743443,0.057765140246354596,0.020694431124905766,0.6835863141414603,0.057410841966075044,102.58999633789062
2020-08-26,0.014523886795517305,0.349262831407206,0.06971439925697753,0.02884484622111394,0.7244961543068361,0.07598468126791658,104.08000183105469
2020-08-27,0.026710210707042936,-1.090112831118275,0.0941987872316854,0.04276040455162722,0.7150980206933646,0.06806594053846071,106.86000061035156
2020-08-28,0.009358038501668497,2.5900569132909275,0.10029788167324916,0.034092664755212,0.7266668731998667,0.07451687150428654,107.86000061035156
2020-08-31,-0.003615792577800203,0.4930739567849372,0.09234687675099873,0.016053408242948652,0.7039276428610942,0.06701747337362551,107.47000122070312
2020-09-01,0.0004652035153569489,1.8093979377839917,0.08847115211544421,0.007137605225407073,0.6782667284499493,0.05318836810615535,107.5199966430664
2020-09-02,0.01171877023409218,1.5375300324773322,0.0964620395787088,0.010046604494376332,0.7386870726698853,0.07394607361111549,108.77999877929688
2020-09-03,-0.024177213485302107,0.6051716150107186,0.06565072532173355,-0.013072243604930756,0.6533259705764971,0.05401650770390076,106.1500015258789
2020-09-04,-0.0038624932285979963,0.2457180671614678,0.057571834464227534,-0.012993329286143163,0.6141176174916065,0.038091470942163586,105.73999786376953
2020-09-08,-0.010970267222903951,-1.6883350055447008,0.04289035327012858,-0.01852579452668668,0.5845466615177467,0.029736159364503578,104.58000183105469
2020-09-09,0.01988909729046351,-0.7356436882271988,0.06045733596529179,0.002613251562985308,0.6520835212536374,0.05792505440351592,106.66000366210938
2020-09-10,-0.01762614680539676,-0.5463010204081633,0.03979615663924774,-0.007596010186978086,0.6095423921836939,0.04487435236117143,104.77999877929688
2020-09-11,-9.545844958003258e-05,3.2077204451708305,0.03737548752424269,-0.005089957970444536,0.6589471917403371,0.06117687714743347,104.7699966430664
2020-09-14,0.02099842176316713,-0.06596952639751552,0.05696360161398206,0.013434144191652786,0.672727279733141,0.06831123694105234,106.97000122070312
2020-09-15,0.00560903493759124,13.11327694005149,0.05979251310535716,0.013377293403902257,0.6387960022675535,0.04854277741205326,107.56999969482422
2020-09-16,-0.0007437187996807149,-0.04439770018230262,0.05622590630645363,0.011042543325963994,0.6031456355310874,0.03276322033746726,107.48999786376953
2020-09-17,0.002977018338299553,-21.374605180037904,0.05669140940501349,0.008305110024701579,0.5337596465428612,0.00889010801811807,107.80999755859375
2020-09-18,-0.0019478628070510595,-0.8518441896205226,0.05179040126643697,0.001041972246203171,0.4902107676672391,-0.002410551963278218,107.5999984741211
2020-09-21,-0.026022262658644046,2.672726641917913,0.022309396247826463,-0.021054760130320815,0.4149140295256064,-0.024844125231394898,104.80000305175781
2020-09-22,-0.004293936684471977,1.4632509476089102,0.015957381447853303,-0.01935908869537961,0.40149173759453755,-0.02948287079536227,104.3499984741211
2020-09-23,-0.013128846547393658,1.4486928133566352,0.0010036608327017582,-0.02396023829268512,0.320987846189566,-0.053318583263922026,102.9800033569336
2020-09-24,-0.01660523070620057,1.3277628428484822,-0.016227852369516516,-0.028119034135639098,0.3403141230548307,-0.04597272550790099,101.2699966430664
2020-09-25,0.018663050080908405,0.8311126484492102,0.0005067875419206835,-0.001471246069785881,0.4230312791194705,-0.024399416056203216,103.16000366210938
2020-09-28,0.0045559671832506865,0.811149462282055,0.0033256763250903987,0.005355142476008323,0.47044170212725556,-0.009083998479665567,103.62999725341797
2020-09-29,-0.009070682591190704,1.276690793164311,-0.00706337101087906,-0.000545016152595279,0.36704624545072684,-0.03722108648411249,102.69000244140625
2020-09-30,0.011977755363681952,0.6530685514336697,0.0029798736794492964,0.009578939307363532,0.4698879312371374,-0.008207679140777802,103.91999816894531
2020-10-01,-0.01558886783806357,1.4289805128205129,-0.013911718043502552,-0.008144249140132231,0.42227832372176366,-0.023575390574111066,102.30000305175781
2020-10-02,-0.0033235968440111785,1.236338476202507,-0.018426176962864194,-0.009135091501723536,0.32145383832742697,-0.04683558080824646,101.95999908447266
2020-10-05,0.017163593720221026,0.8815235211339559,-0.0024575518175827815,0.007715017251315626,0.37285894358467125,-0.03588361644791649,103.70999908447266
2020-10-06,-0.0031819673509581037,1.15713329856117,-0.006348512701906506,0.00316336995098232,0.36681780423646687,-0.03823612142555333,103.37999725341797
2020-10-07,0.02205461858450586,0.845833029795294,0.014362005275289969,0.021837132990981223,0.4381830370343722,-0.019942435258064717,105.66000366210938
2020-10-08,0.020253637284472825,0.6976401179941003,0.03349019251862195,0.03155922959396151,0.5051761019874731,0.0018587786289310237,107.80000305175781
2020-10-09,0.008163239596528094,0.772310612490548,0.04008460409060621,0.02677474458943041,0.6114941641714018,0.0370228734774154,108.68000030517578
2020-10-12,0.003496478214491505,0.7103793472070974,0.04164027976667928,0.02005309948968481,0.6358915366521432,0.04513655154140461,109.05999755859375
2020-10-13,-0.01943879666830639,1.5376350135013501,0.020154611847627235,-0.006392378873793736,0.6095132841389141,0.038454058607350294,106.94000244140625
2020-10-14,0.005797597746710403,0.672374053342114,0.024602927323767343,-0.004147865192876576,0.6851091040459183,0.06211119901284201,107.55999755859375
2020-10-15,-0.00037189397950254666,1.5376809228425292,0.02259025595386155,-0.004001799528469019,0.6439894236472291,0.04226437404207317,107.5199966430664
2020-10-16,0.024274560005949075,0.43332330720642614,0.044965864909473297,0.017442388280068055,0.688078883069704,0.06272315132948258,110.12999725341797
2020-10-19,-0.014982238605596332,2.088889796251684,0.026934825599299828,0.003273994303391037,0.6609229158988847,0.05638329708708545,108.4800033569336
2020-10-20,0.006176236616999509,0.620848726519283,0.031076363678937513,0.005360716437873725,0.6500289111842292,0.05032720793962153,109.1500015258789
2020-10-21,0.0007329530914914617,0.4384956866696052,0.03021660464587117,0.0030119091329881,0.7180617966873334,0.06774193644617599,109.2300033569336
2020-10-22,0.02389446947491436,-0.546149703823371,0.05290654467632061,0.018894702956837595,0.7720266440921495,0.09690071932260924,111.83999633789062
2020-10-23,-0.0037553485577415113,-1.576086242029843,0.04782794157906789,0.012688119070921822,0.7290555178543014,0.0743419067836728,111.41999816894531
2020-10-26,-0.03132290361805312,3.4038870584309966,0.014990223788930557,-0.018050472504783532,0.6138071222528992,0.04401241219424956,107.93000030517578
2020-10-27,-0.025201530742260947,1.6154750964896158,-0.010063095274859934,-0.035885127155061314,0.48898665582193124,-0.004258986958544764,105.20999908447266
2020-10-28,-0.024902602123192175,1.5377141686955336,-0.03359438071505094,-0.048312601377993314,0.3754181395199495,-0.048330302099951816,102.58999633789062
2020-10-29,-0.01189193522622245,1.2396235628357082,-0.043417512015931026,-0.041001254536809806,0.327999810431713,-0.06726166302969383,101.37000274658203
2020-10-30,-0.007891911118496853,1.2336536357306276,-0.04971582349937498,-0.02862827621311681,0.3041068862845722,-0.07784703882106891,100.56999969482422
2020-11-02,0.018494587013976993,0.8289716431004232,-0.03138334610030502,-3.904298013912566e-05,0.39467524086422834,-0.042173200236287234,102.43000030517578
2020-11-03,0.006833905556542508,0.8498488450360088,-0.02442949093538349,0.010900017583399535,0.39692871356375375,-0.0411863183872101,103.12999725341797
2020-11-04,-0.006496637125849469,1.2757509305083117,-0.029803760333754203,0.0045885880110039245,0.38562382084013097,-0.04706099066754432,102.45999908447266
2020-11-05,0.015127884692639038,0.8674877359946315,-0.014947190107082786,0.014533773369504566,0.3547008485082094,-0.05557064623460306,104.01000213623047
2020-11-06,-0.00432655098927226,1.1623389248557305,-0.018928004005348997,0.004286335015758924,0.3761327407553104,-0.04535403434816887,103.55999755859375
2020-11-09,0.09327929596216711,0.5844906006875983,0.071000375381288,0.07545881123399711,0.5705372601401535,0.03728813227601502,113.22000122070312
2020-11-10,0.011835332303861579,0.668669966936412,0.08188761656999888,0.0650601334917782,0.5885087254093864,0.04879606369912115,114.55999755859375
2020-11-11,-0.03770949534644219,1.5638300778582161,0.04041467590350645,0.010282433729746465,0.474858603245346,-0.01430613847024087,110.23999786376953
2020-11-12,-0.0058055098154058404,1.227365895697948,0.033937866661358784,-0.005769440740651777,0.4715980080708706,-0.016334587369715825,109.5999984741211
2020-11-13,0.026459868305232392,0.8279184734649726,0.06007067328332094,0.004249098235306725,0.5726549925222241,0.04234225592423235,112.5
2020-11-16,-0.007822197808159737,1.211481487848625,0.050091518031174065,-0.000751956801332998,0.6082405189121891,0.06092580285038118,111.62000274658203
2020-11-17,-0.013259302280199226,1.1697633057726147,0.03475893349765591,-0.006136079291178209,0.6325957626982384,0.07359394991000001,110.13999938964844
2020-11-18,-0.006083150287435779,1.1776411027812148,0.026899007581826506,-0.010807286262719096,0.6450572491393024,0.07990528020770138,109.47000122070312
2020-11-19,0.013976420592270111,0.8462468195568497,0.03888081791362419,0.0004867172163620648,0.6820244284412097,0.10370886285000713,111.0
2020-11-20,-0.007567534575591228,1.1777444158162749,0.029333132232020054,-0.002878380651881063,0.6398842585114147,0.07546620456802833,110.16000366210938
2020-11-23,0.0073529187696672604,0.8791708152318086,0.03512688413087606,0.005636713994613851,0.6413122669617212,0.0760205970724519,110.97000122070312
2020-11-24,0.02784533030458447,0.7384761882369538,0.061136751714853554,0.026347018022484514,0.6923076923076923,0.11321489925602601,114.05999755859375
2020-11-25,-0.006575486726752899,1.173344795198752,0.051862042327867286,0.012600514375279204,0.6583787065002924,0.08941443352902079,113.30999755859375
2020-11-27,0.011296432855670835,0.9058376070695285,0.06071893317305954,0.017510496396113906,0.6826764402478405,0.10650829508813153,114.58999633789062
2020-11-30,-0.0077668157613348665,1.2894351887447142,0.04962886685007861,0.003300204986376176,0.5112043910014389,0.0042394958696687635,113.69999694824219
2020-12-01,-0.013720295518599546,1.1949703798350564,0.03321746997671515,-0.012504387103501213,0.44408502902979696,-0.02112428614279227,112.13999938964844
2020-12-02,0.013019431892447697,0.8342065613608749,0.04421121246180304,0.0011633300582456485,0.5894569637583129,0.030478961134448923,113.5999984741211
2020-12-03,-0.009947159054543353,1.1336689233541912,0.03220893499672228,-0.007325659881694979,0.5744682283119305,0.026186156811486727,112.47000122070312
2020-12-04,0.01226991409655942,0.8602841666352601,0.043425653417997756,0.00616868972294804,0.5380281750679662,0.011999986436632026,113.8499984741211
2020-12-07,-0.010891505317423333,1.1213818042789097,0.031132690788717277,-0.0028689236588460565,0.5273329398566211,0.00886935889096141,112.61000061035156
2020-12-08,-0.012698697250911217,1.204854920623646,0.017544830168804593,-0.013854637262560643,0.5287929782435217,0.009442536056751605,111.18000030517578
2020-12-09,0.015920099282316746,0.8356703443762877,0.03232467338688094,0.0030014335771408884,0.5908142120369397,0.0317894919953734,112.94999694824219
2020-12-10,-0.0023904085910699813,1.1198686429019902,0.028653597202296544,0.00023080384822082856,0.546927458832104,0.01513513788446641,112.68000030517578
2020-12-11,-0.0026624338919533086,1.1210576877647762,0.024778220362627223,0.0001779829931314314,0.5639399896370189,0.020152446600473217,112.37999725341797
2020-12-14,-0.0036483007895995456,1.1521329291215137,0.0206114065557097,-0.002334432137822695,0.5294811734529087,0.009011444435430338,111.97000122070312
2020-12-15,0.02607839722346461,0.8162734779279434,0.04569987832924949,0.016959657821915775,0.5247171803829335,0.0072768880310409845,114.88999938964844
2020-12-16,0.0006963341585837224,0.8997209658048673,0.04504407847005454,0.014041536669261223,0.5514890116703378,0.014650107650483024,114.97000122070312
2020-12-17,0.003218188338340866,0.9022247310399788,0.046953582600562704,0.012553746509623931,0.5246548709321117,0.0065450739503341016,115.33999633789062
2020-12-18,0.01187795032148764,0.6241783640151041,0.0582197658386554,0.016850209477984546,0.5959211618479205,0.02647319452084651,116.70999908447266
2020-12-21,-0.019364254596512476,1.2540478071675374,0.037015873606102145,-0.007130974199803464,0.5704697924095131,0.020599229277389997,114.44999694824219
2020-12-22,0.0015727418958095818,0.8141233002952737,0.03707287258610115,-0.005120646805272688,0.5340833811328072,0.009066890784611426,114.62999725341797
2020-12-23,-0.006019321543612288,1.1370711113421232,0.028798995186748666,-0.009337958739790264,0.5501023494610011,0.013070162752274683,113.94000244140625
2020-12-24,0.0007898572578748375,0.9479289940828403,0.02695959788387703,-0.00629183046032078,0.5067264778550539,0.001581030369681491,114.02999877929688
2020-12-28,0.009646570954105815,0.8774921905557966,0.03366386405606003,0.006064514026576262,0.5951661614010906,0.022378089240812526,115.12999725341797
2020-12-29,0.003821787995336612,0.8340589488853202,0.03413255233295476,0.007936513323021588,0.6791838717512753,0.03948551338008999,115.56999969482422
2020-12-30,0.0006056908800644578,0.8495384097281705,0.03171009846398376,0.006773344371828749,0.6274884148775536,0.023815869978632387,115.63999938964844
2020-12-31,0.012971290279462533,0.7807585250040934,0.041837135089458855,0.014181576975823784,0.6893040082848292,0.039581106428767,117.13999938964844
2021-01-04,-0.009561232306793066,1.5054304635761588,0.028774084929804822,0.0010353595386121128,0.6444445251788369,0.0323901003613678,116.0199966430664
2021-01-05,0.008015862196901313,0.7510704440143117,0.03405436739903367,0.005900352168509482,0.689786493175411,0.04447616033979518,116.94999694824219
2021-01-06,0.016331797451475616,0.5613139398672393,0.04740001820032913,0.016575170091415847,0.6639141627007678,0.03455480234827846,118.86000061035156
2021-01-07,-0.0013461522908274626,1.6797968730978592,0.044728809807342396,0.009920523925864622,0.6529940517021245,0.032443208558193826,118.69999694824219
2021-01-08,0.008508864045471354,0.6345480898643752,0.05242567384017249,0.014079027726821014,0.6703039565190244,0.03788800836944728,119.70999908447266
2021-01-11,-0.010107752850443408,1.6057496206620874,0.039900142073921785,-0.0003711593900783683,0.5706393092480624,0.015337168448024574,118.5
2021-01-12,-0.010210962738165907,1.3264748318397042,0.02754818812238735,-0.01114557213126477,0.6222032399312698,0.024814364727064886,117.29000091552734
2021-01-13,0.01219200523500441,0.6881707251683276,0.03866109648529403,0.0011468797420737253,0.6588967791157373,0.03568004942234437,118.72000122070312
2021-01-14,-0.008002060039324244,1.476580587711487,0.02896557426896984,-0.005304168414615784,0.6458488405132666,0.033614131293614236,117.7699966430664
2021-01-15,-0.008151474160113859,1.426629779278736,0.01909326361046304,-0.00855558331707107,0.5992855624764988,0.024379538797308253,116.80999755859375
2021-01-19,0.012841366589769754,0.761771404114113,0.030193513896513702,0.004499904778314745,0.6104165485613045,0.02762095353981575,118.30999755859375
2021-01-20,0.008283352017214307,0.7182067893955579,0.03685581202674659,0.009392470364663064,0.6244978853222676,0.03218829480424179,119.29000091552734
2021-01-21,-0.011568423529438876,1.3675838556707005,0.02313800511518016,-0.0009150774130977091,0.5698462197207221,0.019629922902473895,117.91000366210938
2021-01-22,-0.011279804849010366,1.2138614840290676,0.010367602311060153,-0.010188474027948868,0.4825871590973791,-0.004780583588113285,116.58000183105469
2021-01-25,0.00274489354776275,0.808731470061204,0.012517912252999919,-0.00762321571146185,0.5287959448407267,0.007584941460736516,116.9000015258789
2021-01-26,-0.00128316102584225,1.242547191528545,0.010466011691179,-0.006264589627467898,0.4931035607662219,-0.0017101064853443093,116.75
2021-01-27,-0.04496788008565311,1.3991686158264052,-0.034326859010443744,-0.03819613337751482,0.29372209007640504,-0.061921593240430894,111.5
2021-01-28,0.02932732415306183,0.8246824181735425,-0.006236479823325536,-0.0045967333645584585,0.4062052638076533,-0.03310868076002915,114.7699966430664
2021-01-29,-0.029972945130512407,1.3670377971008676,-0.035853446842629366,-0.025557970844160338,0.3207870351183878,-0.0700024836480424,111.33000183105469
2021-02-01,-0.0013473594126633959,1.2167537768120622,-0.03664775497200401,-0.017028269542207153,0.3360215099706822,-0.06177214932341113,111.18000030517578
2021-02-02,0.02491452271508443,0.8833840612717077,-0.012962734372797269,0.012474879723793464,0.4300669105645082,-0.028476459555070166,113.94999694824219
2021-02-03,-0.011584025714575286,1.1571771021144075,-0.02413878480599352,-0.0012591897327448587,0.3718972480574249,-0.051297202701031885,112.62999725341797
2021-02-04,0.03879963467236447,0.8257922491051325,0.012761231185103972,0.03340458899546128,0.4858404415228824,-0.006538139297057821,117.0
2021-02-05,0.011965825007512088,0.8517806476511746,0.02328095765423499,0.03287042314028543,0.5287731474003036,0.013611882548731247,118.4000015258789
2021-02-08,-0.002787177591231371,1.2005462234230002,0.01930128957971866,0.017757095307375792,0.49546489281795997,-0.0020285509992565842,118.06999969482422
2021-02-09,-0.001609235554309696,1.126639339965824,0.01652016062464723,0.009281123633008148,0.4725359609917084,-0.011819965221626871,117.87999725341797
2021-02-10,-0.0037325655095310495,1.1062011680887822,0.011622399628943958,-0.0027004342907042123,0.49049734529109246,-0.003986101315457402,117.44000244140625
2021-02-11,0.01089917194045964,0.8908500562180531,0.02116387800683417,0.005232771597613484,0.5433549437749315,0.018356487871304727,118.72000122070312
2021-02-12,0.008591615840453093,0.9054069791230616,0.02886429725177897,0.0115738630774469,0.5559495173158469,0.024294236961681426,119.73999786376953
2021-02-16,-0.0005010653053627578,1.1883406045226217,0.027309373307369933,0.008324069775599297,0.5579280736838834,0.025096362356965995,119.68000030517578
2021-02-17,-0.012700506677728263,1.0965177098325551,0.013648604586031343,-0.00495164071044063,0.654452901897088,0.059730974548066085,118.16000366210938
2021-02-18,-0.023442824869759238,1.1612589972201324,-0.009833871972685704,-0.024911702804415348,0.5147199203006837,0.005402132654148684,115.38999938964844
2021-02-19,-0.017852479153219858,1.2373507870723481,-0.027277077887009282,-0.03351525463790539,0.5508130270409414,0.01796460942338829,113.33000183105469
2021-02-22,0.021353552720778213,0.8921572450004549,-0.00674469418657464,-0.006113590967476212,0.6041002714953516,0.04110451234286838,115.75
2021-02-23,0.01943844492440605,0.8759372756313538,0.011681495110285045,0.01613763504880983,0.5944938039184413,0.035541932077430394,118.0
2021-02-24,0.006271168337030009,0.8464745866605211,0.016999220805927084,0.021489634132326296,0.6465228607497667,0.05424843078530883,118.73999786376953
2021-02-25,-0.0072427204465528305,1.1181058824189827,0.00903921849475231,0.009765272140909609,0.525374793150436,0.007521344046307332,117.87999725341797
2021-02-26,-0.007719681488951302,1.131167458661867,0.0009498762377044834,-0.004239435846188355,0.45756671425421347,-0.012077705124549531,116.97000122070312
2021-03-01,0.007608783280844467,0.8976194650398457,0.008087114504699677,-0.0002544641568597017,0.49396900297594926,-0.001778598162238021,117.86000061035156
2021-03-02,8.486455267830983e-05,0.9088160324763461,0.008015316499184966,5.0929949944933384e-05,0.49970996755178965,-8.47854349237398e-05,117.87000274658203
2021-03-03,0.0006786646287957332,0.8758395743164389,0.008283372465657912,0.0020729375978190134,0.5151154450425157,0.004342596187277614,117.94999694824219
2021-03-04,-0.022721495332906128,1.1569251698989924,-0.014272425014383083,-0.016333313393501525,0.40558270134293345,-0.029060011305281908,115.2699966430664
2021-03-05,0.025939147915676752,0.8755339227177908,0.011426245700578264,0.006965159999074322,0.4634388230823975,-0.012360078118782702,118.26000213623047
2021-03-08,-0.013444985105391272,1.118788291354663,-0.0017390775756441768,-0.004556168413423767,0.43086810747880544,-0.02515041885490621,116.66999816894531
2021-03-09,0.0032570917011778278,0.8896718440375271,0.0020825263596147003,8.547216474319441e-05,0.4730974225004585,-0.009394046851299409,117.05000305175781
2021-03-10,0.01375481049444871,0.8621331287757661,0.015831194084099165,0.01261288355250434,0.5839754511413136,0.02833871470454552,118.66000366210938
2021-03-11,-0.004719409832338539,1.1305944949276578,0.010861830576704312,0.002989412747596676,0.6327210432353373,0.042089442918894715,118.0999984741211
2021-03-12,0.0060118466862491005,0.9031789075784297,0.016919393289195117,0.008077494731025814,0.5940958093722317,0.02643626400512966,118.80999755859375
2021-03-15,0.0028617454277573007,0.8640066628406657,0.019528497376000375,0.006725591578144785,0.5400697012310693,0.009745775643041688,119.1500015258789
2021-03-16,-0.0017624765571407908,1.1454220702950968,0.01726808991123452,0.0017518588729346085,0.5072360478012518,0.0016843909485848574,118.94000244140625
2021-03-17,-0.003194929166070115,1.155526560516536,0.013963789091308243,-0.0012804261890138058,0.5254872310770985,0.005768580938409151,118.55999755859375
2021-03-18,0.002277364018395067,0.8693446269940115,0.016372915599358828,-0.00023556135899693853,0.573228212118336,0.01590151826058417,118.83000183105469
2021-03-19,-0.018597989147679184,1.3375854470703359,-0.002254358847711635,-0.015200122070311295,0.4557776226264983,-0.010520938888071152,116.62000274658203
2021-03-22,0.0018864138752134885,0.8716026315789474,-0.0004277835912286365,-0.00947798236219144,0.46380867669584913,-0.008738494822180476,116.83999633789062
2021-03-23,-0.015491249703221466,1.2062383570494764,-0.015518663812836175,-0.018314336395226727,0.4085214865634883,-0.02475623776596314,115.02999877929688
2021-03-24,0.008084850169912006,0.894717871830235,-0.007391499028759796,-0.005966265540077842,0.5242787253508119,0.005985967393951075,115.95999908447266
2021-03-25,0.0053466949937657215,0.8896532430655607,-0.0031679906053231344,0.0032184403213351143,0.4290541563701153,-0.014205989132661245,116.58000183105469
2021-03-26,0.016984008375711124,0.8175251799466057,0.01294155568396671,0.01686192138484488,0.5772689162651309,0.016199532178886367,118.55999755859375
2021-03-29,0.005060780329546599,0.8351655114584856,0.016368025499764682,0.017956939941874195,0.5847388972502341,0.01802648915283278,119.16000366210938
2021-03-30,-0.0027694009811416453,1.206772042297631,0.01190262306899581,0.008589528177207484,0.5076095776448764,0.0014326492811291835,118.83000183105469
2021-03-31,-0.0058908067562932764,1.217987665252038,0.005047333899791839,-0.0010317218599881217,0.5013262044783349,0.0002540116823408489,118.12999725341797
2021-04-01,0.0005079589383174543,0.8113410331451204,0.004370078631228624,-0.0032384680126437138,0.47091960521889736,-0.005218374967828288,118.19000244140625
2021-04-05,0.01742954155208687,0.8075023268567545,0.021170714576550065,0.01125200947530347,0.5444263878181248,0.009232047503433538,120.25
2021-04-06,0.007484420173629047,0.754736021502805,0.02821328411778712,0.01542201748482519,0.5845446272370824,0.018580788961740424,121.1500015258789
2021-04-07,-0.004292234964189068,1.2724593966047133,0.02324415101338695,0.008022040286135956,0.5783496384271567,0.017459511955549845,120.62999725341797
2021-04-08,0.00016583165809835876,0.8309885808478957,0.02281302245005401,0.003960931435973647,0.570215959898628,0.015315994839516955,120.6500015258789
2021-04-09,0.01118937801116826,0.7651574626194828,0.03325908421248136,0.008798041430408299,0.7223136837764577,0.046132714171760236,122.0
2021-04-12,-0.0017213039710873845,1.341593696643118,0.03081048223942129,0.004503321156405837,0.7047145039670895,0.042365668716059846,121.79000091552734
2021-04-13,0.015107942557343712,0.6357856759218177,0.04552332935119363,0.015524871638287863,0.8547848885335785,0.07476309280522164,123.62999725341797
2021-04-14,0.0021839705448467583,0.46329369634084755,0.04687270117774278,0.012304535179291864,0.8464217808810136,0.06847190845200202,123.9000015258789
2021-04-15,0.015738473964706845,-0.11095035179863244,0.06162439458366942,0.019573203878185508,0.8623919046201622,0.07951618199921029,125.8499984741211
2021-04-16,0.00047679927465882344,9.056091461236155,0.059779379078017225,0.013637561110518837,0.8380859599819197,0.06199397988249089,125.91000366210938
2021-04-19,0.001747228853228977,1.8229840618589237,0.05877931243780132,0.008362361474619329,0.8322204419515806,0.058492727233147246,126.12999725341797
2021-04-20,0.017045917487488405,1.5854920037222187,0.07400305419148245,0.01798211977581521,0.8838337574635977,0.07952534547359202,128.27999877929688
2021-04-21,0.01535704115567138,1.4126173837082332,0.08770765104498923,0.023302224747371758,0.9462442674241374,0.10259885743145869,130.25
2021-04-22,-0.0030709704144673555,0.8249512049007672,0.08185799539402283,0.013787865212347539,0.9188220257141322,0.09865473746723996,129.85000610351562
2021-04-23,0.010396540479561844,1.2226113437381043,0.09008123056749318,0.015935924286952563,0.9144588959606343,0.09106026568184777,131.1999969482422
2021-04-26,-0.00823172146475537,0.8661713776602624,0.07816305505189747,0.001385221859200536,0.8349514231194157,0.07404039189708556,130.1199951171875
2021-04-27,-0.0011527351837762323,0.8186619328864999,0.07422545899874766,-0.0023641647669995214,0.858679620639241,0.07742687706162998,129.97000122070312
2021-04-28,0.009463689435921463,1.2617656396711634,0.08141298359540183,0.005610553428988974,0.8706962599810953,0.08744297794393607,131.1999969482422
2021-04-29,0.002286608679390234,1.226947127224447,0.08086781787779285,0.005367069554638171,0.8603951546894228,0.07786885245901631,131.5
2021-04-30,-0.004410660312202941,0.7876681545865896,0.07265094930329674,0.0013614590587294195,0.8369007608572636,0.07496508075199437,130.9199981689453
2021-05-03,0.002138701368873841,1.1722718635917946,0.07210342751093202,0.0018479076764836844,0.8156801783715578,0.06123109166869245,131.1999969482422
2021-05-04,-0.0205792455110142,0.6853247643125487,0.047508804551378736,-0.016561550537008696,0.6595009139945662,0.03712670232017956,128.5
2021-05-05,-0.011673151750972721,0.47106360972246164,0.03318601741178018,-0.02175251913883558,0.5411597462253007,0.00913787477014072,127.0
2021-05-06,0.0023622287539986075,1.6513115521986064,0.03380999756280767,-0.013055856438104363,0.5489092793136218,0.01103962631419364,127.30000305175781
2021-05-07,-0.0047133235595577805,0.6568508390139259,0.02714389663698169,-0.011237727862222657,0.5195339320068251,0.004519144590790614,126.69999694824219
2021-05-10,0.0015785681330238166,1.5217813765182187,0.027081289377494988,-0.002985534085368946,0.4454114654664044,-0.010757696184517607,126.9000015258789
2021-05-11,-0.013238772931245202,0.6894931006349544,0.01224075137026448,-0.01108794006288294,0.2963561737600526,-0.03861803285448662,125.22000122070312
2021-05-12,-0.016770471599180103,0.38311254019292607,-0.005575040473537407,-0.02167693033052398,0.2604980231444954,-0.05182905691639683,123.12000274658203
2021-05-13,0.008690705579552427,2.095041461040051,0.0019282008089804847,-0.008273030577333196,0.2454614258597057,-0.0534298374229486,124.19000244140625
2021-05-14,0.008696305503091528,1.5909141895681436,0.009330256146661942,0.002641233593092096,0.32389253244432664,-0.03727327586934759,125.2699966430664
2021-05-17,0.0020755339921600946,1.3029784148024295,0.009613153098958938,0.0069305055953339245,0.3400576052064552,-0.034161748093443856,125.52999877929688
2021-05-18,0.0025491890220348257,1.3272006246086534,0.010356443708166685,0.008478096823345549,0.2937550183675931,-0.04077742834271292,125.8499984741211
2021-05-19,-0.0014302765781343263,0.7315537486603606,0.006761398570224841,0.002936898619373185,0.273151787474262,-0.04433461468482647,125.66999816894531
2021-05-20,0.008196059475644946,1.2695085151951846,0.01283427466702558,0.007122183405592342,0.3413533739698886,-0.03223343476721896,126.69999694824219
2021-05-21,0.004656700722148965,1.2287628018990397,0.015377445470404538,0.008573167071917798,0.3563558535807401,-0.02980179972303898,127.29000091552734
2021-05-24,0.00636346281846456,1.19532474161031,0.019898417283658265,0.010874244252125909,0.48293543796699057,-0.00311279296875,128.10000610351562
2021-05-25,0.002341824970143458,1.1646028506281116,0.020410144313723677,0.00918003880490259,0.5665396068397639,0.011023573988065971,128.39999389648438
2021-05-26,-0.016588764444452897,0.7635063044697755,0.0020016787177496997,-0.008496154498044195,0.4582993305282693,-0.008091173479961578,126.2699966430664
2021-05-27,-0.00886984356508258,0.5262028130867601,-0.008267068001137523,-0.014892699215555139,0.43978255908044067,-0.012233586895795012,125.1500015258789
2021-05-28,0.011506150974468499,1.5046679503910492,0.0014773891390444938,-0.0024586103148703797,0.4890146818764556,-0.0024429092534333785,126.58999633789062
2021-06-01,-0.014219096883127946,0.657690278207391,-0.01364837986320211,-0.011486034321760208,0.4848910356319676,-0.003433958640663981,124.79000091552734
2021-06-02,-0.007933310814218886,0.44565558199155275,-0.021985547567190178,-0.012128923130927727,0.5259147006299496,0.005523069282051818,123.80000305175781
2021-06-03,-0.005896634401764911,0.014402185159127591,-0.0282208394110266,-0.012913062290750843,0.4561813435281658,-0.009018461426558488,123.06999969482422
2021-06-04,0.006337846601373487,59.007183908045974,-0.02267921728079536,-0.004581266855016919,0.44310895868382955,-0.011335500973879142,123.8499984741211
2021-06-07,0.0008881761139023503,2.4039056222454893,-0.0221892713571622,0.0005327040873810418,0.4363340480101972,-0.012506968135836183,123.95999908447266
2021-06-08,-0.017424943922780378,0.35373660433928245,-0.039229463542722276,-0.012133383171252232,0.3570923610621298,-0.032181132073641594,121.80000305175781
2021-06-09,0.010755316303539653,2.1110442974543995,-0.028796480821708936,-0.0003897397869609964,0.41633979888281525,-0.02037079331498204,123.11000061035156
2021-06-10,0.013240169322856099,1.4766697411968965,-0.016100580810668896,0.010105901991428023,0.43836469627996755,-0.015469606406331105,124.73999786376953
2021-06-11,-0.00769600048832042,0.42634063895063656,-0.02327398794726998,0.0024457709200484956,0.3921324694483612,-0.027574845714391838,123.77999877929688
2021-06-14,0.002989196560275964,1.7400568793898392,-0.02001411412849896,0.0051329476164079235,0.3752364611673531,-0.03083531919931981,124.1500015258789
2021-06-15,0.008215840761417903,1.5425504253185245,-0.011775491617091904,0.007891124761359558,0.40241688556073607,-0.02515573116103942,125.16999816894531
2021-06-16,-0.0011983824244883312,0.6244933015467848,-0.012324244784417071,0.003596298140220222,0.4571035693265386,-0.009899422136942282,125.0199966430664
2021-06-17,0.0015197764078389575,1.4932390745501285,-0.009837572869216715,0.004363661697664334,0.5021993265541274,0.00047940517668587646,125.20999908447266
2021-06-18,-0.015813399425099184,0.4989756744194054,-0.024218326348428576,-0.01064578504066327,0.38152339477208363,-0.02654232623554731,123.2300033569336
2021-06-21,0.018745415042332514,1.7975952249516975,-0.004811835687763888,0.0056555208021003,0.5255275920488032,0.006010096918804386,125.54000091552734
2021-06-22,0.009479069879941848,1.376553458153796,0.005297014787277288,0.012657237762685014,0.5983882446797881,0.023667207051286,126.7300033569336
2021-06-23,-0.009784624479742154,0.7507616371888093,-0.003654234980600135,0.00199614297680184,0.5785714002619757,0.0196635912484453,125.48999786376953
2021-06-24,-0.0031875171941044833,0.6573405144395952,-0.005624144523679098,-0.0010062933487078318,0.541278233718579,0.01001209429993355,125.08999633789062
2021-06-25,-0.0012790473850735617,0.40914548870587236,-0.005597637257731991,-0.004985818693657329,0.5321832027678466,0.00782511477788983,124.93000030517578
2021-06-28,-0.009525353706070105,-0.571867555156579,-0.01366042703065995,-0.01162977484644745,0.5687941497147093,0.015927707417111803,123.73999786376953
2021-06-29,0.006465193676813863,-1.3682303930447384,-0.005964284807816855,-0.0017473648507152495,0.55261221073291,0.011615630721193648,124.54000091552734
2021-06-30,-0.0032921443640222536,-0.6344541523254787,-0.008372097624148811,-0.0028597696602622458,0.4753435691720911,-0.004890176533574708,124.12999725341797
2021-07-01,0.01611214085437296,-1.213381555153707,0.007780255783116141,0.011516180007995258,0.5876210475531056,0.018985284353663756,126.12999725341797
2021-07-02,0.0055498659548076645,2.99409606786656,0.013468448462304217,0.014039711061674343,0.5975253910338596,0.021586792365984264,126.83000183105469
2021-07-06,0.0011038349572440875,1.587020197185795,0.014532428004625286,0.009942742037171381,0.5699844801932619,0.014380467189336388,126.97000122070312
2021-07-07,0.006064398170147145,1.3879586962291008,0.02051371824534942,0.010921168006453819,0.6008901707669912,0.021756529305217986,127.73999786376953
2021-07-08,-0.002348484635824266,0.66840490530945,0.017665835360665794,0.003290786784448718,0.5820457213368672,0.017810106007820625,127.44000244140625
2021-07-09,0.005728152177921553,1.4876862663511299,0.022464370186788596,0.005807093007905051,0.7001617999924571,0.04008759780443327,128.1699981689453
2021-07-12,0.00023405461282233198,1.2766318218368702,0.02188644529578343,0.0038839630883649168,0.6322064940826719,0.021188434071341744,128.1999969482422
2021-07-13,-0.006240214051535853,0.7799085319932632,0.015078796321074783,-0.0030518652917461697,0.534643138356374,0.005286815680563661,127.4000015258789
2021-07-14,0.0026687310346817927,1.267717157529737,0.017339922800068575,-0.0003912788646821541,0.6282783819051762,0.01792971582040015,127.73999786376953
2021-07-15,-0.018631574238447635,0.6457773592222253,-0.0015173091701069508,-0.01581169177796915,0.512558356079607,0.002158480137225416,125.36000061035156
2021-07-16,0.003509910970516783,1.3910013081987604,0.001961338436756721,-0.008668218662271077,0.5394380527943458,0.006963921751835578,125.80000305175781
2021-07-19,-0.02424485673901733,0.6393287183361342,-0.02156151399887396,-0.024322395640301697,0.46159819640761235,-0.00800062939114854,122.75
2021-07-20,0.022484742454015993,1.6194369084222584,0.0007934134137839166,0.0006218620715059409,0.5326599938964807,0.007788672021618703,125.51000213623047
2021-07-21,0.01226994573592477,1.2521070971200525,0.013285188280973692,0.014015046665693198,0.5913644547294404,0.023523772359218764,127.05000305175781
2021-07-22,0.0004722357902604557,1.1392773892773893,0.014024513030051589,0.011667877651775349,0.534900440103486,0.007769788141393397,127.11000061035156
2021-07-23,0.011250040664894767,1.1558223289315726,0.02496830181888776,0.018606516044164634,0.5578874236155233,0.013482546955695396,128.5399932861328
2021-07-26,-0.003656340333454522,0.8915211069164213,0.020626564499404365,0.0063966023942423345,0.5364241388614084,0.008663511797590395,128.07000732421875
2021-07-27,0.016787645611993307,1.210295711724124,0.037010501352958025,0.015772477766752724,0.5752430139704389,0.01941446217635323,130.22000122070312
2021-07-28,0.0023038169938991437,1.1806820987783493,0.03821521285698637,0.012630752201279183,0.5934468547662058,0.024168249937619013,130.52000427246094
2021-07-29,0.001225776877744611,1.113274562140434,0.038067586547047894,0.008286598783582289,0.5788812429568178,0.019583323263588026,130.67999267578125
2021-07-30,0.004820974273969769,1.0872425310522913,0.04136801195316142,0.008835256168174377,0.5941855661337324,0.024258975697223795,131.30999755859375
2021-08-02,-0.0003808015588112612,0.9003974029701259,0.039444363735763766,0.0035321370881791214,0.622461926783822,0.030298217698003338,131.25999450683594
2021-08-03,0.001523786495517765,1.1043563957119067,0.03948481864339981,0.003159253781564786,0.6190784836737175,0.029121723127511823,131.4600067138672
2021-08-04,-0.023429192710742397,0.8808656392011569,0.013811822831343745,-0.017133889642429456,0.5925246856846871,0.024090652981470617,128.3800048828125
2021-08-05,-0.0028041797527595946,0.8758935437493731,0.00998987591241196,-0.015881780431792003,0.5683498323787188,0.01764706809895511,128.02000427246094
2021-08-06,0.004842954979660696,1.092166690206168,0.014101156372354762,-0.007039663993818834,0.7132515184227186,0.04798370174866351,128.63999938964844
2021-08-09,-0.013370656318904883,0.8807651442072446,-7.682904981021199e-05,-0.01370803269861065,0.5552074427630278,0.01123413280787311,126.91999816894531
2021-08-10,-0.012763907505191519,0.8363577922309832,-0.01306330057561067,-0.016884779119896942,0.43190648541328236,-0.013774104352339833,125.30000305175781
2021-08-11,0.005905808824791858,1.1614941901567164,-0.007404688926636038,-0.007434009288726506,0.4604581817648687,-0.00841790330962422,126.04000091552734
2021-08-12,0.01174227004751427,1.1098570261437908,0.003756581737951903,0.00501242876259389,0.4624448370885781,-0.007935247365354003,127.5199966430664
2021-08-13,0.006430361640609394,1.0939479486037549,0.009589259349418455,0.0119535523727885,0.509690924466216,0.002108136161719454,128.33999633789062
2021-08-16,0.009739754056942829,1.108802293266222,0.01814893475462931,0.01752538281220395,0.4758248295535721,-0.0048380039694880805,129.58999633789062
2021-08-17,0.00902846054486095,1.10348165410431,0.026289000903102933,0.017983632646753067,0.5086327460343597,0.0018387237704500237,130.75999450683594
2021-08-18,-0.010936010521983452,0.8886236831757223,0.014547910066707637,0.0017195270985512767,0.45550458115775705,-0.010330509032671187,129.3300018310547
2021-08-19,-0.0030929339643556153,0.8757070888363515,0.010728104361246604,-0.003555171768520049,0.4203479085044755,-0.01812508511966493,128.92999267578125
2021-08-20,0.0075234722392514275,1.1588925403724513,0.01737322968993471,0.001526561295977169,0.4571248247788871,-0.010361120427143766,129.89999389648438
2021-08-23,-0.010931472176025636,0.8466771355826257,0.005552896095677884,-0.007723200749127801,0.4127630758455323,-0.02266857473097772,128.47999572753906
2021-08-24,0.031833839762519744,1.371632717738915,0.0357739898612095,0.021010220645933275,0.6158099306142486,0.03263750024959844,132.57000732421875
2021-08-25,0.01493547271742024,1.170239245504957,0.04919237030085033,0.027993861510078988,0.6656519941720844,0.051007643816346704,134.5500030517578
2021-08-26,-0.008770032759615742,0.9002001337216347,0.03812096342484228,0.012111616142620907,0.6166747590173253,0.036769245568883946,133.3699951171875
2021-08-27,0.0032991111757905145,1.0947457884806628,0.039991589814688755,0.009460136131476338,0.6814112005425347,0.05428616048730994,133.80999755859375
2021-08-30,0.00022418937182733245,1.0808291688959213,0.038809814744836135,0.0015864673582977051,0.7454019768013912,0.06815636933867575,133.83999633789062
2021-08-31,-0.00268978347431148,0.8995256330860391,0.03470860145404209,-0.00246619712335161,0.7185660872305452,0.059028838130507744,133.47999572753906
2021-09-01,0.005169332210758215,1.0567254981395142,0.038762951497664844,0.0032602150392375684,0.7048673412930282,0.05214869589820115,134.1699981689453
2021-09-02,0.004173791206947719,1.109995723114902,0.041628789019995116,0.005402736006181685,0.7000623918533246,0.049789617983352574,134.72999572753906
2021-09-03,-0.0007421572619119576,0.9541145937312837,0.039557749846548695,0.003428536335581933,0.6700406900840571,0.03889195684349467,134.6300048828125
2021-09-07,-0.00044564774877620117,0.9327496882297307,0.03781830415027332,0.0018911146647850874,0.6389500711742584,0.02913745011807589,134.57000732421875
2021-09-08,0.004458577781607742,1.0488002943182226,0.04088617103476322,0.0038320236396891527,0.7267078464265065,0.04515577402928894,135.1699981689453
2021-09-09,-0.012872719662164078,0.9263084721836032,0.026362851919745856,-0.007999695790754102,0.6582278345183395,0.03490266234107442,133.42999267578125
2021-09-10,-0.01716250777062711,0.9012023266070468,0.007627898258264709,-0.019792515688765056,0.539897233876883,0.009545847201133828,131.13999938964844
2021-09-13,-0.008388028890005117,0.8794947346844654,-0.0016372404037880983,-0.021299051116220435,0.5512482731102463,0.012141949022958842,130.0399932861328
2021-09-14,0.004152634364827046,1.0971164546784051,0.0010042439395585578,-0.011296832578850946,0.414738397369264,-0.015010978224488047,130.5800018310547
2021-09-15,0.008194149566746356,1.0877284290243605,0.008020481202584584,0.0021466239022234213,0.365241141460108,-0.0215533934559472,131.64999389648438
2021-09-16,-0.005544973500819506,0.9255551324115303,0.0016889866217155713,0.00041264236394744636,0.38118326118326107,-0.018369926054878083,130.9199981689453
2021-09-17,-0.009318677343157167,0.81978018499909,-0.008136810254519289,-0.0067239496643412,0.3146975823927859,-0.030715198306104474,129.6999969482422
2021-09-20,-0.007478806812078909,0.8910874524225489,-0.015590522551402253,-0.01217042895422138,0.2876139812810044,-0.03817992192297226,128.72999572753906
2021-09-21,-0.006913690819443152,0.8917056015713574,-0.022353435411875067,-0.01485728326052893,0.27547741489507743,-0.0422535179066148,127.83999633789062
2021-09-22,0.008369894828459179,1.140902557042496,-0.013923671061343401,-0.0023989669650873457,0.2967542613217614,-0.039203954525009466,128.91000366210938
2021-09-23,0.0134201821301132,1.1380805854565716,-0.0007132778486327318,0.011427340394356778,0.3550673074427497,-0.030356984098490747,130.63999938964844
2021-09-24,-0.004745829149449765,0.912642007802438,-0.0053301856395405744,0.006128736769735577,0.34244689405720335,-0.034241999874874085,130.02000427246094
2021-09-27,-0.009767760580899565,0.8998346181182002,-0.014563404806204994,-0.003729732029916333,0.31628760512094334,-0.043248918833723726,128.75
2021-09-28,-0.021359223300970842,0.7683468645335723,-0.034639945928615745,-0.022224992490436413,0.24513631548278908,-0.06784048452441338,126.0
2021-09-29,0.004603189135354624,1.1331336674277694,-0.029288873116052105,-0.014159093225926345,0.2964946494513455,-0.05133771431263745,126.58000183105469
2021-09-30,-0.00971720128883602,0.7537029606238769,-0.0381627281372392,-0.015627473119984803,0.31642369861350245,-0.04415129588588651,125.3499984741211
2021-10-01,0.01563621147452432,1.23393863638994,-0.02299016760658279,0.004037902707968666,0.41791957528645773,-0.020993508677996653,127.30999755859375
2021-10-04,-0.017751901266008452,0.75960925189465,-0.039672510685424434,-0.007996296386452939,0.3493187591729482,-0.042349507594980906,125.05000305175781
2021-10-05,0.00599760081324896,1.2378915004352578,-0.03370507083072716,-0.0017298936685761213,0.3377706256019309,-0.0444359370751386,125.80000305175781
2021-10-06,0.002305192997598793,1.1997705792872995,-0.03162447941910984,0.0013500368764167714,0.3627060023699273,-0.03689277343879749,126.08999633789062
2021-10-07,0.0058688675918510125,1.1303458596607916,-0.026088935374494526,0.0048646880194449515,0.4161310632726935,-0.022127950537522367,126.83000183105469
2021-10-08,-0.012299969766351504,0.8486186910663587,-0.037652339017641645,-0.00427638575651812,0.4022599381458852,-0.026877955405171017,125.2699966430664
2021-10-11,-0.013810136296789066,0.8444960628897565,-0.05006678435346934,-0.01566458053126063,0.3840346491363435,-0.03363575989941425,123.54000091552734
2021-10-12,-0.004937676912991629,0.7794375737671269,-0.05354553631008485,-0.01602470875421913,0.3346237479328259,-0.04638897825655175,122.93000030517578
2021-10-13,-0.0029285008497343945,0.7324691057285254,-0.05482726196543686,-0.013346429023526674,0.25852782354958165,-0.06177280873030733,122.56999969482422
2021-10-14,0.01819371267427483,1.4186815754939148,-0.03678988618269108,0.007898458502716199,0.3575327747330546,-0.04014767765861971,124.80000305175781
2021-10-15,0.023637795481613377,1.4580698708769972,-0.013797183396421109,0.02760661516947116,0.475,-0.007766990291262155,127.75
2021-10-18,-0.055029344652030354,0.5519721204694676,-0.06641325201399484,-0.024516376140084506,0.39126855344409994,-0.041904752216641916,120.72000122070312
2021-10-19,0.012259739169761197,1.3960732757602714,-0.05381890915440668,-0.011390874642236426,0.4130260890221525,-0.03460266092157638,122.19999694824219
2021-10-20,-0.0033551231010954252,0.710227304766577,-0.05502156724512941,-0.013462718351803571,0.4269293986179388,-0.028400459528754807,121.79000091552734
2021-10-21,-0.0011495146448479154,0.7032734952481521,-0.05374000381992716,-0.009542252976067589,0.3744454384552192,-0.044458378299079504,121.6500015258789
2021-10-22,0.011837195182487381,1.4230170019643704,-0.04062105873724908,0.00984491717327951,0.45488011094242753,-0.01567378381475082,123.08999633789062
2021-10-25,0.003818354331678986,1.331786303630363,-0.03503052975567933,0.008998994867226218,0.4477610346945501,-0.017806084569349845,123.55999755859375
2021-10-26,0.0039657292234218655,1.2019967951200043,-0.029348390860061024,0.0099488974422981,0.45286521849190414,-0.016178867042442646,124.05000305175781
2021-10-27,-0.012494986002629105,0.8210508578735045,-0.039413450357356994,-0.0038220679514566758,0.4035634204976201,-0.03414020159695741,122.5
2021-10-28,-0.010040843730070192,0.7438944890444861,-0.0466476251508976,-0.013214657282967779,0.409584066840685,-0.03193102983308327,121.2699966430664
2021-10-29,-0.011626915739635701,0.3412500709990993,-0.054970346602657205,-0.01953405348756787,0.41559630555241556,-0.02978792518944573,119.86000061035156
2021-11-01,0.003086957656414979,1.856096633060681,-0.049354767973531,-0.011120045461858852,0.4373841082100221,-0.021963694310090265,120.2300033569336
2021-11-02,0.008899606295839968,1.885178068152703,-0.03837194244238051,0.0022143095851852035,0.4714863755163203,-0.010361398761756124,121.30000305175781
2021-11-03,-0.0009893053879876934,0.6763456716296201,-0.03665220513266132,0.0034114956694808463,0.4102181681804988,-0.029006431554979395,121.18000030517578
2021-11-04,-0.004043553907703723,0.6053009675571944,-0.0381120673064953,0.0003149594508677911,0.3005650063319675,-0.055264168756115506,120.69000244140625
2021-11-05,0.01897423870414716,2.0204000331977756,-0.01826481212899911,0.014050602092181341,0.5871914466004158,0.018721024796037655,122.9800033569336
2021-11-08,0.0003252015371697503,1.343734338928187,-0.016567766108309234,0.00973451969162653,0.5355902749033246,0.006710308635863083,123.0199966430664
2021-11-09,-0.005933959904560027,0.8073649714474376,-0.02078106892008169,0.002114201041996999,0.5211148713956899,0.00410542734412811,122.29000091552734
2021-11-10,0.0009812964730038232,1.2442768324359528,-0.018003770270482722,0.0010795258082838544,0.5321489913643256,0.006247448637054065,122.41000366210938
2021-11-11,-0.023119040490076292,0.7537003676023079,-0.03851989632888886,-0.020285765752462326,0.367146376876882,-0.028515676425895364,119.58000183105469
2021-11-12,-0.0022579383536254216,0.5526853414514006,-0.03868313593023198,-0.01658398774708747,0.33666422713880917,-0.03439624541902886,119.30999755859375
2021-11-15,-0.014500006394597809,0.1562153000993513,-0.05048966285347578,-0.02207361730471591,0.27298241330866235,-0.052156397110313835,117.58000183105469
2021-11-16,0.00348695378746422,5.941545080433969,-0.04528023043628426,-0.011593836842010763,0.32799372422313694,-0.03681634396922828,117.98999786376953
2021-11-17,-0.0013560135232782988,0.3740141986871724,-0.04443307907813676,-0.005301443136639605,0.3571429024050998,-0.028366413022477777,117.83000183105469
2021-11-18,-0.0013579195419074486,-2.254124579124579,-0.043214725252032626,-0.0034384742337739693,0.39851696922643975,-0.018271336811732986,117.66999816894531
2021-11-19,-0.0038242283950417066,2.3676761641584823,-0.04438723477074924,-0.00372264496864394,0.3615452805437582,-0.025035365983435143,117.22000122070312
2021-11-22,-0.002815234837213132,1.537276827960381,-0.04476856433522358,-0.005360792263544689,0.282329310009806,-0.036356171073035015,116.88999938964844
2021-11-23,-0.030028250103159015,1.5720712633182687,-0.07105741524003595,-0.02759912117812957,0.2115381142739767,-0.06436708229175225,113.37999725341797
2021-11-24,0.009349137534542695,0.8176422217726409,-0.06003525908014418,-0.012767402150744123,0.2782114398712588,-0.05178556527939682,114.44000244140625
2021-11-26,-0.02962250364669583,1.2219433059427791,-0.08519316391218323,-0.0309434674757747,0.10730729493923348,-0.09700764335280176,111.05000305175781
2021-11-29,-0.006933851880238651,1.2294683623679723,-0.0883388849310004,-0.025863908902840516,0.09987458468457121,-0.10356038214448748,110.27999877929688
2021-11-30,-0.03246283887089385,1.3723907280194239,-0.11457612086330715,-0.040208714211142804,0.08470980069692871,-0.12748388135227884,106.69999694824219
2021-12-01,-0.0115276078980181,1.1588212863726721,-0.12107600002351138,-0.03757710013167437,0.07394370521377652,-0.13838740245581604,105.47000122070312
2021-12-02,0.017161254742058984,0.8754131986376764,-0.10247535782086081,-0.00809942100798744,0.17391297312560028,-0.10286003398072807,107.27999877929688
2021-12-03,-0.003821737857755858,1.1320924641524914,-0.1021572126251451,-0.004193039037661217,0.17263158401954398,-0.10426615595145217,106.87000274658203
2021-12-06,0.03153359250096277,0.8714901133276254,-0.07091208386148351,0.027284910964044062,0.322189755389833,-0.06242561535108382,110.23999786376953
2021-12-07,0.018414357933909553,0.8152960106444701,-0.051551385762825586,0.035452725470436874,0.37151835956323936,-0.04847869585782516,112.2699966430664
2021-12-08,0.0013360784747842303,0.8675142918139336,-0.04817141675516956,0.02371238577358281,0.3784268839975421,-0.045913634711355344,112.41999816894531
2021-12-09,0.00346912823341583,0.8314958519952532,-0.0428921313456917,0.017020960551527464,0.39190388047098623,-0.04130195195018016,112.80999755859375
2021-12-10,-0.0033684714266623006,1.1428082856231483,-0.04360678139039165,0.003534660941799217,0.3931280284803544,-0.04086334128685665,112.43000030517578
2021-12-13,0.0038246046785430643,0.8633172191528545,-0.0368992303074156,0.0026830785615217234,0.41048423450141164,-0.03447684832183995,112.86000061035156
2021-12-14,-0.010366809876111271,1.2727518165455636,-0.04504383061740558,-0.006687869094403109,0.4581062071224611,-0.014905581698281156,111.69000244140625
2021-12-15,-0.06043513163625469,1.4856999196021485,-0.09943423053927325,-0.05413442750198594,0.31631853477778565,-0.08301293077011285,104.94000244140625
2021-12-16,-0.026014897021351846,1.324817209456458,-0.11916217453009281,-0.06079431232169141,0.32460302154426884,-0.07960381561777208,102.20999908447266
2021-12-17,-0.015458388075601848,1.3001849412578668,-0.12883323794477985,-0.054815650937565796,0.3144943022972379,-0.08750454871867952,100.62999725341797
2021-12-20,-0.010931118991794775,1.1299613387555951,-0.13393998403269403,-0.041136813301571484,0.3476412411700963,-0.06719773546407237,99.52999877929688
2021-12-21,0.02130013837619993,0.9129645310426959,-0.11125681874216753,-0.0013949847853569342,0.4217853977331129,-0.03621882668637322,101.6500015258789
2021-12-22,-0.0030497312674349075,1.0663684158317628,-0.10954709548372554,0.002651552808111912,0.3704187845561336,-0.05536915090413441,101.33999633789062
2021-12-23,0.015393775847266422,0.9325101441294281,-0.09192994473079152,0.016697979020785514,0.41753219749317255,-0.03714794721318648,102.9000015258789
2021-12-27,0.014868792581233192,0.9342483545379638,-0.07499141765974804,0.024124748629144266,0.3693208572373849,-0.052703171908380586,104.43000030517578
2021-12-28,0.0009575646253840997,0.9200440770879225,-0.07095181285661367,0.015150034855745176,0.3093597588360933,-0.06894092896766413,104.52999877929688
2021-12-29,-0.00554866390345321,1.0421918647632067,-0.07275260023760954,0.005027537224039813,0.2957067840849369,-0.07534247783899062,103.94999694824219
2021-12-30,0.005002446250381931,0.9608113013828292,-0.06460341617646237,0.003978640980002002,0.3000961171312328,-0.07392958530611449,104.47000122070312
2021-12-31,-0.009763609271010498,1.0418267035379256,-0.07004551231978984,-0.006873662232024014,0.2911629349504321,-0.07987194994715474,103.44999694824219
2022-01-03,0.02561625523492994,0.9132528136823334,-0.04308594644757091,0.015311005008255885,0.35750431565333385,-0.05989723639617306,106.0999984741211
2022-01-04,0.00273327916774746,0.9064405986846673,-0.03686771748734419,0.014474796073087992,0.38397555122644705,-0.047452797348968234,106.38999938964844
2022-01-05,-0.0035717384678821684,1.0968383085145412,-0.03659894834307653,0.006895658456808951,0.5324832461613362,0.010196299503820283,106.01000213623047
2022-01-06,-0.00981040368427566,1.0637966544431607,-0.04228165014391072,-0.0039284750486277,0.5933693535207437,0.02700324978918589,104.97000122070312
2022-01-07,0.001810064201168915,0.9407755998511962,-0.03675813717744414,-0.005353435382263294,0.6691560445045375,0.045016461615152714,105.16000366210938
2022-01-10,0.004374277942692739,0.9204184443614684,-0.029442007701283024,-9.466140584424299e-05,0.7388232562676111,0.06118762224431906,105.62000274658203
2022-01-11,0.021492109297827744,0.9040062248114601,-0.005974842507568634,0.018502761490740927,0.7418600676235532,0.06138709070438031,107.88999938964844
2022-01-12,0.00982479900445199,0.8760908043592448,0.00579054021281733,0.022831785582428488,0.7787544141467325,0.07509375256910489,108.94999694824219
2022-01-13,-0.001560332021175448,1.086748857573269,0.0063602844602914654,0.013982088645172475,0.7398040876372093,0.05714282960374084,108.77999877929688
2022-01-14,-0.002114320004780512,1.0972265363616274,0.006392546759758533,0.00548364056066486,0.6879563453804917,0.03945229086030966,108.55000305175781
2022-01-18,-0.009765132733187132,1.1129473868047302,-0.0010780243885381013,-0.007772415804568555,0.624160975025906,0.02831722107566792,107.48999786376953
2022-01-19,0.002511901365959135,0.907889841383133,0.0036369952201287248,-0.005041249984854779,0.6640827943146923,0.03665228763676942,107.76000213623047
2022-01-20,-0.015311817865342747,1.0851718658526386,-0.00924369001565517,-0.01511073038808397,0.5643641555150198,0.015698280563659406,106.11000061035156
2022-01-21,-0.004806353155187071,1.0822864805709265,-0.012211732489143756,-0.014024032671035913,0.5878986482313596,0.020783002313229604,105.5999984741211
2022-01-24,-0.013162873198232838,1.1220872409463247,-0.022876290633327745,-0.019052286050544764,0.4138560082344596,-0.01781337810395378,104.20999908447266
2022-01-25,-0.000383849111205925,1.0907224563834343,-0.02167355595681575,-0.013261357676669028,0.39645517873562724,-0.020866634396457417,104.16999816894531
2022-01-26,-0.0007679930158484005,1.0636929333833707,-0.02100207145995059,-0.00711589728422779,0.4078692548018665,-0.018111553246386136,104.08999633789062
2022-01-27,-0.008742396625328608,1.0545103476945714,-0.028756994976932182,-0.010263771554979262,0.4130223150502213,-0.01705249971145384,103.18000030517578
2022-01-28,-0.00048461961242407536,1.0731336625446095,-0.028692811655817052,-0.0060333955360819536,0.39999969933425084,-0.01930397810952955,103.12999725341797
2022-01-31,0.0034907458541566516,0.9254409497155397,-0.024431645237825705,-0.001177470992181684,0.39402963999896756,-0.020166680812564453,103.48999786376953
2022-02-01,0.0009662622106991758,0.9293587453471084,-0.02273357296334555,0.0009082352982110464,0.2271573358325716,-0.03985543679751269,103.58999633789062
2022-02-02,-0.0021236953285626026,1.0958234318316147,-0.023226336712149243,0.00017419929373629905,0.10369364517034456,-0.05121610241357777,103.37000274658203
2022-02-03,-0.011608827955423395,1.0609812804513206,-0.032256549868801,-0.009500730195567075,0.09045882210574888,-0.060764852771901134,102.16999816894531
2022-02-04,0.005481111853034237,0.9635300771324206,-0.024714383308874432,-0.00329869349856704,0.15357213896006117,-0.05361584091387983,102.7300033569336
2022-02-07,-0.007203401820137456,1.043967510999403,-0.0292468245668549,-0.007589781389227501,0.15965418520504884,-0.05116755148670282,101.98999786376953
2022-02-08,0.021766852311031926,0.9537426375066277,-0.0061726829490494906,0.01278985010991418,0.32303100283420577,-0.03294360598907464,104.20999908447266
2022-02-09,0.018040468956285416,0.940480499293334,0.013392144367227354,0.025638521646694112,0.4990251338488995,-0.000188523912410421,106.08999633789062
2022-02-10,-0.011405402264497044,1.0581886140793104,0.003465897903210502,0.008655496102008886,0.46715324910375555,-0.006818193476390788,104.87999725341797
2022-02-11,-0.018020589618072735,1.0494391162220043,-0.014157323576772796,-0.01001614734048506,0.44677135663337525,-0.011707141650718067,102.98999786376953
2022-02-14,-0.006602585875137623,1.0569268399368328,-0.020689869573950803,-0.0171572404499285,0.4231405094163074,-0.017855434799326497,102.30999755859375
2022-02-15,0.015638805020978364,0.9594859728121247,-0.0061547031332562785,-0.0012110699644440892,0.49339234439576024,-0.001729202441289046,103.91000366210938
2022-02-16,-0.0073140420502900705,1.0594610966454916,-0.01427695771118398,-0.002880655480103411,0.49888646092814554,-0.00029074219042590776,103.1500015258789
2022-02-17,-0.014057242425468464,1.041546988449524,-0.028145113479500217,-0.010815883056041642,0.45191665858577773,-0.013865997704449518,101.69999694824219
2022-02-18,-0.01101273501274036,1.0601025480370587,-0.03867335102054403,-0.017101519289574263,0.4069099903009631,-0.02811862105307472,100.58000183105469
2022-02-22,0.031218923568153478,0.9348658146856583,-0.008855968104276246,0.010797959029173354,0.503481649419153,0.0012549945690552011,103.72000122070312
2022-02-23,-0.006652549491761084,1.0467930169718123,-0.015120201002339906,0.005798730113512729,0.49111798402452883,-0.0032891937530339366,103.02999877929688
2022-02-24,0.0029118029245098764,0.9472423308039462,-0.011969083603234454,0.008373035638635784,0.5317983098233362,0.011353662355863214,103.33000183105469
2022-02-25,0.02429105257289943,0.9490427044832213,0.011574198588399476,0.024588541509105832,0.5770181136624287,0.030273463246675902,105.83999633789062
2022-02-28,-0.008030976034877235,1.0445359382355275,0.003325609508823213,0.007755645537428135,0.5738916145074231,0.029414649111054736,104.98999786376953
2022-03-01,-0.01266781816098228,1.033511608540983,-0.009434036201666718,-0.004895805262637221,0.4858321603611798,-0.005277760552684141,103.66000366210938
2022-03-02,0.026239566807027215,0.9577555857359712,0.016489991450030272,0.014689029690337696,0.5071605191305727,0.002733536860569874,106.37999725341797
2022-03-03,0.011938374743849067,0.9517142197152033,0.02831571546561773,0.018409920245457068,0.5681931217487732,0.02641117796530712,107.6500015258789
2022-03-04,0.006130943087410801,0.9593943047736864,0.03405229514553065,0.019887361290576555,0.6394130322733883,0.05165549864231744,108.30999755859375
2022-03-07,-0.015418689009219833,1.0535080646477573,0.01770291485575637,0.0010513621944192586,0.6078725347010242,0.042322372538176056,106.63999938964844
2022-03-08,-0.023912256811259303,1.0579643570369521,-0.006379000694657244,-0.023674208947832787,0.5042814645541484,0.0017321977618878215,104.08999633789062
2022-03-09,-0.004899553509257748,1.0729420878482816,-0.010765705687631133,-0.023327715250914816,0.5103514850885059,0.004168689275956039,103.58000183105469
2022-03-10,0.008495821952709592,0.9648762318636841,-0.0015436613793613496,-0.009068829839646853,0.5683169722897768,0.02713866488742478,104.45999908447266
2022-03-11,-0.0061267412909978836,1.036422866810195,-0.006442996370909837,-0.006678271471375341,0.5821501375188268,0.032213141825268465,103.81999969482422
2022-03-14,-0.00577921860802133,1.028494121018978,-0.010869209141294078,-0.005913269403581167,0.485448176447966,-0.004820670980672848,103.22000122070312
2022-03-15,0.02111994070329981,0.9667059241147998,0.010783953940115332,0.012526906375670332,0.5634709663762698,0.023003035763000224,105.4000015258789
2022-03-16,0.01802657968095378,0.9639318968321842,0.02905180593291723,0.023464346764099808,0.597928129279072,0.03842060534552294,107.30000305175781
2022-03-17,0.022739932363606163,0.9594607295843967,0.05195298640396251,0.03629973906485273,0.5965348152003417,0.0368480882541633,109.73999786376953
2022-03-18,0.004009499270744232,0.8790870675823499,0.05514164621807183,0.02810539983407656,0.6311270390051782,0.049433303619460744,110.18000030517578
2022-03-21,-0.012978764759620454,1.0692758624765102,0.040662393592680424,0.004396248852620799,0.6279537556290324,0.04910279913245996,108.75
2022-03-22,0.002022999730603381,0.9557734591805719,0.04158155408382225,-0.00016514907602194207,0.574468234458995,0.024346719629210645,108.97000122070312
2022-03-23,-0.02578689113623578,1.0578441876198272,0.014240099360018021,-0.02390581954442106,0.4606445049978014,-0.013841131840684029,106.16000366210938
2022-03-24,0.0017897023875059759,0.9557988572749357,0.01550712180607694,-0.01602489079184144,0.4469122209699424,-0.018096197291596616,106.3499984741211
2022-03-25,0.019840156470382952,0.9542719143019138,0.034351212944532694,0.006701429327806707,0.5481481750596122,0.017066763927615858,108.45999908447266
2022-03-28,0.013553395105215138,0.9513032877129839,0.04667327410386379,0.018115469890050084,0.6638610849590765,0.056105333583908346,109.93000030517578
2022-03-29,0.022286882028934585,0.920244139939487,0.06774090896416207,0.03427327994704488,0.7226720968223319,0.08495844049816315,112.37999725341797
2022-03-30,-0.007296669468456307,1.045913916662755,0.05794714885686614,0.016621701609186523,0.6802031046617949,0.06796858640961312,111.55999755859375
2022-03-31,-0.005467915235756182,1.0645146812555109,0.05027496864788561,0.0026568710505028292,0.6812404850699232,0.06867652932360224,110.94999694824219
2022-04-01,0.014150515890114068,0.9606575721722878,0.06253435180422162,0.009437676487245694,0.7252906767209114,0.09009877264463695,112.5199966430664
2022-04-04,-0.014575181643942003,1.0466233884977598,0.0450370439171639,-0.006967704041963896,0.6363183637712152,0.05199236857879508,110.87999725341797
2022-04-05,-0.0034271037412589855,1.048013788861982,0.03937149161719056,-0.007027171482921202,0.5861140812937624,0.029822897085087785,110.5
2022-04-06,0.011040735028987614,0.9536474297150926,0.04899440172882574,0.0036473652317339234,0.5570277695130854,0.01804267719588948,111.72000122070312
2022-04-07,0.00546008417191568,0.9417103857712015,0.0531793418294535,0.006631440500526553,0.5613235200033425,0.019513537120383395,112.33000183105469
2022-04-08,0.0012463223303333937,0.9514507685453331,0.05261927860788207,0.007976348029155256,0.6145321261594432,0.03420690777658053,112.47000122070312
2022-04-11,-0.008446737506230595,1.0332382164859446,0.04164912504877405,-0.0016829908308347852,0.5751324804173554,0.023400893767071107,111.5199966430664
2022-04-12,-0.008428935081663314,1.0446962873161456,0.030878358605210376,-0.010239507291512906,0.6463576440011196,0.04163524883640246,110.58000183105469
2022-04-13,-0.0010852120147851751,1.043304578093297,0.028190050606989203,-0.009078522288013424,0.6367265783152589,0.038645986547444,110.45999908447266
2022-04-14,-0.013036415474755092,1.0577435506505657,0.013401845626168196,-0.016153798900780503,0.5194985214064013,0.005163171338012029,109.0199966430664
2022-04-18,-0.008622223820913155,1.0279925768076015,0.003176715312514178,-0.01684675425586235,0.433116440717704,-0.0168288771853482,108.08000183105469
2022-04-19,0.01980014205582248,0.9220828573204017,0.020756413379040106,0.004996727496743514,0.4201184700802949,-0.01922046703599778,110.22000122070312
2022-04-20,0.0252222713528214,0.952672982465235,0.04425854538838303,0.025817933207849197,0.5465117196009451,0.012907874443524703,113.0
2022-04-21,0.0007964277689436194,0.9468610731717935,0.042666889091097504,0.021755995994019894,0.5715240846251293,0.019287962582340112,113.08999633789062
2022-04-22,-0.04677684549858285,1.0608355003855199,-0.0071287467235879864,-0.023886682345388488,0.37366174063877033,-0.041948042411352526,107.80000305175781
2022-04-25,0.015584417974173537,0.95035754270649,0.007500148047044464,-0.011181537127218477,0.462606972587141,-0.01262620789288682,109.4800033569336
2022-04-26,-0.02466207978487167,1.0498889393470128,-0.017751407011479148,-0.029537412677131725,0.411596900956358,-0.033665169418127805,106.77999877929688
2022-04-27,-0.001404771751205458,1.0430526020505118,-0.019800727934460416,-0.01954836981144914,0.37255869802831476,-0.0455603644080691,106.62999725341797
2022-04-28,0.004876716551207361,0.9560740439346316,-0.015194842237370887,-0.003885907188892812,0.36971828418423996,-0.0461141299807557,107.1500015258789
2022-04-29,-0.026038272289277575,1.047239878951213,-0.040111837811314444,-0.02357784138874286,0.3200177308086684,-0.07210812236444342,104.36000061035156
2022-05-02,-0.011690314426676118,1.0528899267391332,-0.050204093641682324,-0.02340643235143014,0.3162280935109645,-0.07514344965629072,103.13999938964844
2022-05-03,-0.00029085494933489553,1.0316137713093607,-0.049708066503793225,-0.01685767529544746,0.3293741108043244,-0.06755291279625653,103.11000061035156
2022-05-04,0.02637960629039182,0.966031670057038,-0.02503061440665777,0.010619005607172882,0.405471668899825,-0.04191560104827852,105.83000183105469
2022-05-05,-0.012094857385906876,1.0325805202280158,-0.037037861418267704,0.0033782025510431524,0.4081382109206671,-0.04100159355116695,104.55000305175781
2022-05-06,-0.010521339755208414,1.0439563251795592,-0.04694786509409177,-0.005441503383864066,0.4054715425828532,-0.04283868249789535,103.44999694824219
2022-05-09,-0.03740933041422634,1.0505083932963941,-0.0817041509951596,-0.036048933174262054,0.29710147036058926,-0.09653419771192928,99.58000183105469
2022-05-10,0.007330746275517885,0.9588797654814339,-0.0743513591177214,-0.02368997391344685,0.23748441450626728,-0.11230090656111724,100.30999755859375
2022-05-11,0.0033895322057659882,0.9687177502089463,-0.07019495284946808,-0.010402315012799757,0.2452909119936116,-0.11000084193869342,100.6500015258789
2022-05-12,0.004570283929448138,0.9651851904188815,-0.06460826098860128,0.0008909217560801874,0.32924965591801536,-0.06205939009291295,101.11000061035156
2022-05-13,0.015428716735998549,0.9713213225426004,-0.04862071459410411,0.017905280685609704,0.3251155086672156,-0.062203187606652444,102.66999816894531
2022-05-16,0.011103529852728222,0.9685879394502219,-0.036635436419746537,0.020646922554556246,0.41708541001064964,-0.027814209165162196,103.80999755859375
2022-05-17,0.02360085382194388,0.9726095139619548,-0.013329226086970403,0.032653081984747034,0.4908462396270847,-0.00346989709010459,106.26000213623047
2022-05-18,-0.025315286912544366,1.0367449868755205,-0.037100051389117095,0.000831046938072344,0.4200178496430072,-0.0334111225391821,103.56999969482422
2022-05-19,-0.007917347660909568,1.0362708827223739,-0.04396593342522748,-0.010230026554867266,0.4605585418551275,-0.015427372565498643,102.75
2022-05-20,-0.002141131101733529,1.0441471771140929,-0.045164483198562366,-0.012082795603532759,0.484286437525451,-0.005914297207304298,102.52999877929688
2022-05-23,0.016873143251055156,0.9672400172108174,-0.028103049659775503,0.003716055845281563,0.5272383012080895,0.011153152158583701,104.26000213623047
2022-05-24,0.012756514237572514,0.9641020305508359,-0.014708486336289517,0.01783301483638522,0.49391466839991643,-0.0022678398281349432,105.58999633789062
2022-05-25,-0.0004734863537952938,1.0466938865686353,-0.013601060197784287,0.013501846531227102,0.5267711730164499,0.009469132806045222,105.54000091552734
2022-05-26,-0.057797976323720524,1.1028936844549297,-0.06797351670538565,-0.038967041092347166,0.41464461102738653,-0.03876263533233559,99.44000244140625
2022-05-27,-0.0036202795807822596,1.0983313569309157,-0.06875758995296322,-0.0360179688562865,0.48748748481185017,-0.0050210884796757504,99.08000183105469
2022-05-31,0.010799350777654482,0.9240641639551911,-0.05595681421634058,-0.017752050545681186,0.4960630896870634,-0.0015950158170563444,100.1500015258789
2022-06-01,-0.023664530309264298,1.0470964092224455,-0.07544294313027844,-0.02607623947377169,0.43579411761693876,-0.02851468160031878,97.77999877929688
2022-06-02,0.007363481588174903,0.9529370450639898,-0.06598551701512967,-0.004950004151888954,0.44228216408900445,-0.0258134763583846,98.5
2022-06-03,-0.03065986439661328,1.0661215292920483,-0.09112323885180773,-0.02767874815465121,0.350644061005996,-0.07003014454310652,95.4800033569336
2022-06-06,0.00010467643993039566,0.9629628367092319,-0.08737072861449602,-0.02041446896980148,0.31865733268457974,-0.0801464202918234,95.48999786376953
2022-06-07,0.010262890133600377,0.9580231442640245,-0.07446626270934276,-0.0028322068835900938,0.27200736288318,-0.0921325119396863,96.47000122070312
2022-06-08,-0.004457347359123953,1.0418688176890305,-0.07515786096110055,-0.0036930967403199233,0.3040082735875883,-0.07270443952384387,96.04000091552734
2022-06-09,-0.02957105310508168,1.0423801788893539,-0.09873540712135453,-0.022405000329628555,0.27508231338525974,-0.0929440686302464,93.19999694824219
2022-06-10,-0.0049356126559544355,1.0457518519173792,-0.099325292179827,-0.02160612230505199,0.27200736288318,-0.09548425857880893,92.73999786376953
2022-06-13,-0.027711880030441893,1.0553256033831493,-0.12025837026136954,-0.03791985928388997,0.18422209037297194,-0.13514294723372988,90.16999816894531
2022-06-14,-0.018742318357878762,1.0463794620478142,-0.1326000113933069,-0.03957619038588289,0.12262902247121801,-0.16204179917010908,88.4800033569336
2022-06-15,0.009832675002032776,0.969145026976446,-0.11956783034149032,-0.015839103237386687,0.1553850750922413,-0.15340157571501722,89.3499984741211
2022-06-16,-0.02182425273131905,1.0409193554467329,-0.13331695725530046,-0.024858284856130175,0.188727819415992,-0.12107804324141846,87.4000015258789
2022-06-17,0.009382147374235705,0.9515220158261841,-0.11975852708491774,-0.005680529794563682,0.22575739126950112,-0.1096084013893075,88.22000122070312
2022-06-21,0.005554271786323062,0.9599724981276627,-0.11063435131876265,0.0031436397429474017,0.20239305938944172,-0.11422867965159378,88.70999908447266
2022-06-22,0.006087260975091935,0.9523051894900548,-0.10066052369438072,0.007495540361991182,0.25474391709880934,-0.08723664231731354,89.25
2022-06-23,-0.0064986199557948154,1.0458188064400025,-0.10241000800660982,0.002487260248109857,0.2150721586561639,-0.0997969729041085,88.66999816894531
2022-06-24,0.017480580622146302,0.9542077467614813,-0.08291104987718656,0.013548444992531605,0.3333331721715503,-0.05509009165580947,90.22000122070312
2022-06-27,0.0027710041744339886,0.9513009493932806,-0.07645505430340394,0.011244760824740796,0.3433209208804952,-0.05257091585893814,90.47000122070312
2022-06-28,-0.014037849622249299,1.0294744064481673,-0.08588296923723959,-0.00404192141142623,0.27713043038959967,-0.07536025894545906,89.19999694824219
2022-06-29,0.013677144197785429,0.9720160175456437,-0.07035087347183844,0.006949073782523074,0.3356724196470758,-0.05851731250528769,90.41999816894531
2022-06-30,-0.007409844973602531,1.0368034800901407,-0.0740597449240551,-0.002910717605874802,0.38446086266878704,-0.03701713584988753,89.75
2022-07-01,0.018161529285994016,0.9728302406491671,-0.05371647865968354,0.012588078446111206,0.4577639321826999,-0.014664660790151607,91.37999725341797
2022-07-05,-0.009739542748948282,1.0251624161638249,-0.05950950745868311,0.0026814978961509084,0.5110956971138966,0.0035488488557431364,90.48999786376953
2022-07-06,-0.009614268291809003,1.055113023433238,-0.0651924183418977,-0.007881996039221684,0.5419117704807307,0.012884260244087065,89.62000274658203
2022-07-07,-0.0013390174392358123,1.0361607683750234,-0.06398376717808385,-0.007188174732939423,0.5058366359412804,0.001678808376503138,89.5
2022-07-08,-0.00022342617951287558,1.0249989995147646,-0.06153556215566336,-0.006815069655506489,0.595238195047041,0.023798647537080386,89.4800033569336
2022-07-11,-0.005923182709070995,1.0204074785124233,-0.06422354411944575,-0.0073431304517310725,0.5343365659558343,0.008274719082272508,88.94999694824219
2022-07-12,-0.0029229287887128086,1.037069808179212,-0.06390094892337195,-0.0062522258241939355,0.4990386230705521,-0.00022541588628999243,88.69000244140625
2022-07-13,-0.008794664086430592,1.0244670425328306,-0.06850574051605463,-0.011202816517106085,0.4370302436673871,-0.015013964570203098,87.91000366210938
2022-07-14,-0.004550125232804625,1.0216267833810326,-0.06872302486843918,-0.011275811830385063,0.4445508540035725,-0.013082170482339173,87.51000213623047
2022-07-15,0.018397903908689228,0.9692211937528057,-0.0472448456436485,0.007734419776947332,0.44771868701849404,-0.012192401454641844,89.12000274658203
2022-07-18,-0.013689420815799047,1.0242360008069764,-0.05633536799279415,-0.0036950668432866873,0.3881636130269445,-0.028407203052364993,87.9000015258789
2022-07-19,0.027645054186493434,0.9741730298251903,-0.027004302553793935,0.020055552577454838,0.5446642461672075,0.012668216608439753,90.33000183105469
2022-07-20,-0.012177553988966361,1.0356781189164312,-0.03539824568958372,0.004638710923899891,0.45251413996325957,-0.013160748021563418,89.2300033569336
2022-07-21,0.011543188843966767,0.9746644845237231,-0.0205578484487422,0.0099811990169274,0.5197828728565619,0.005682475055492686,90.26000213623047
2022-07-22,0.005096377947990449,0.9804409572505284,-0.011578965377998629,0.011506546955745822,0.4718431572691179,-0.00722254380118359,90.72000122070312
2022-07-25,0.00033067437051603754,0.9785734962112863,-0.007252803044860645,0.0054510213133451835,0.5119706401600066,0.002873269337699602,90.75
2022-07-26,0.012672193122632569,0.9696370739384003,0.007404820602356699,0.01466236644621799,0.6023338825949806,0.025440735432066486,91.9000015258789
2022-07-27,0.014363434960906973,0.9640150194171636,0.023518311337342057,0.020247345685498574,0.6507294296871329,0.04156425944919695,93.22000122070312
2022-07-28,0.0026818278988016697,0.9702661332383749,0.028148417306403273,0.01584576106012192,0.6587111360636086,0.04459094450246637,93.47000122070312
2022-07-29,-0.010163737725792377,1.0445524138798579,0.0191727895230438,0.001602179456983821,0.6374134057705014,0.04013490519737184,92.5199966430664
2022-08-01,0.006052801646207584,0.9707520260224779,0.026874380924188923,0.0026067056754845996,0.6651616466163169,0.049498244095198096,93.08000183105469
2022-08-02,0.0013966185094616002,0.974106646698201,0.028952736140133828,0.0011815154078695933,0.7096516012363958,0.060288877278794395,93.20999908447266
2022-08-03,0.006007912928807535,0.9770952276855551,0.035626186476994226,0.006007912928807535,0.7445309771225507,0.07153461723256216,93.7699966430664
2022-08-04,-0.005972033471701721,1.022778578031948,0.030368840577118972,0.0005581960539688957,0.6740423973570477,0.0458931352316132,93.20999908447266
2022-08-05,0.0007509891161010529,0.9781057859057228,0.03192973609870031,-0.00032151222237841726,0.7537734918808116,0.06120588350426859,93.27999877929688
2022-08-08,0.003216156257330516,0.9754887541219216,0.035139793174002065,0.0018199630472994777,0.6918535732944207,0.03597918669456601,93.58000183105469
2022-08-09,-0.005129336904696524,1.0202754849765197,0.029727698805245284,-0.00308391325953139,0.7464963126241598,0.043371007190338595,93.0999984741211
2022-08-10,0.011493015170366938,0.9705150602958413,0.040411632984747925,0.007510580165063008,0.7477815306930559,0.043319254821348574,94.16999816894531
2022-08-11,-0.0013804529674593669,1.041074279261991,0.037382282522484545,0.004336045489097939,0.7195765487105222,0.03659611607309543,94.04000091552734
2022-08-12,0.00829432977140776,0.9409779987350758,0.04441114887499942,0.009346191050233266,0.744885508658118,0.044848481485666225,94.81999969482422
2022-08-15,0.0040075643813644035,0.9748642249394583,0.04634928235659297,0.009908112356525889,0.7188325611186269,0.035908545893048816,95.19999694824219
2022-08-16,0.0011554686331698427,0.9733206264429031,0.045521457684389866,0.00635636809881257,0.6650865508156097,0.022420041949392955,95.30999755859375
2022-08-17,-0.004196767461235873,1.0262205958913537,0.039366408655799434,0.0005693251495846319,0.6111113727503279,0.0154060385428485,94.91000366210938
2022-08-18,0.00347691696267316,0.9741075060024403,0.04127259284845497,0.0015142458100827483,0.7320825955629622,0.029399063114935453,95.23999786376953
2022-08-19,-0.0025199272275585605,1.035630292595361,0.03685472622205688,-0.0013875373969213234,0.6732857205812686,0.02062739719784501,95.0
2022-08-22,-0.020105301706414447,1.0495601270487185,0.015213438687343706,-0.017104875538401565,0.491803073651955,-0.0012874449926051357,93.08999633789062
2022-08-23,-0.030830327963170423,1.0584498863784215,-0.016018855686970035,-0.037057578053375506,0.31568005919724046,-0.037858542705043186,90.22000122070312
2022-08-24,-0.010419002756459128,1.044573294266472,-0.026292197845081855,-0.03549899641555432,0.3036960311090685,-0.04216286175063866,89.27999877929688
2022-08-25,0.032034057453580234,0.9585926623281206,0.004428568944197853,0.0021099367666190805,0.4554687313735307,-0.012221262913453823,92.13999938964844
2022-08-26,-0.029411754964447256,1.0351235576282911,-0.025028411880322787,-0.015435076995048647,0.3635763991125615,-0.044347098147862196,89.43000030517578
2022-08-29,-0.005814566043743086,1.0287712406817098,-0.030044473825033835,-0.012067169665047506,0.3626229147332585,-0.04500531558200194,88.91000366210938
2022-08-30,-0.018670606160562042,1.03319749849191,-0.04731227800086368,-0.024071054528554514,0.28156545344377987,-0.07348410644046655,87.25
2022-08-31,0.007679062108255641,0.9601928782857257,-0.03955082264347076,-0.013575699900005622,0.3131865239965215,-0.06507871849213831,87.91999816894531
2022-09-01,0.006938132655319285,0.9701135206653846,-0.0326308326894551,0.001379949732362773,0.3059837386894466,-0.06633622585711407,88.52999877929688
2022-09-02,-0.015023176882339673,1.028564946085819,-0.04656995456692081,-0.008662860868403066,0.2668996093711792,-0.08403361613918325,87.19999694824219
2022-09-06,-0.011467890309601159,1.035602452324471,-0.05679477753729956,-0.01395563081968254,0.24764524179068131,-0.09558284381185722,86.19999694824219
2022-09-07,0.010556887405179127,0.9312215934614165,-0.046425320045473284,-0.003226813509001225,0.28987057980117525,-0.08218314983451824,87.11000061035156
2022-09-08,0.008954181768243252,0.9550549378231754,-0.037881571853546125,0.0057675241221788465,0.30668075622903274,-0.07717344224045941,87.88999938964844
2022-09-09,0.02093530526866605,0.9547996103795321,-0.018335739345774593,0.02401118297582605,0.37214957457165637,-0.05547364887438322,89.7300033569336
2022-09-12,0.025966723665347136,0.9518337358632813,0.006345659331993936,0.03907535161668019,0.4755112021140281,-0.011064548499478577,92.05999755859375
2022-09-13,-0.01890069422022378,1.0501347462861037,-0.013327507967493601,0.010042266685245771,0.5025125242827507,0.0011083847569062222,90.31999969482422
2022-09-14,0.0033215572716061015,0.949649022211069,-0.010128617184139821,0.005503552818810098,0.5347872227065967,0.015009005215128823,90.62000274658203
2022-09-15,0.0,1.0,-0.010504215178633425,-0.0005514334779745944,0.4536586432425668,-0.016496599230900078,90.62000274658203
2022-09-16,-0.004083014073799407,1.1080689068732672,-0.014541649720995475,-0.0057725840675241225,0.5291607180744413,0.009169179157173302,90.25
2022-09-19,-0.006315786092235154,1.0337438372781638,-0.020487510651966856,-0.006844014108152718,0.5272854781508002,0.008660405031504448,89.68000030517578
2022-09-20,-0.013603938632376633,1.0360776843676256,-0.03320820129000834,-0.016302313859947293,0.544257445911969,0.01386818434925674,88.45999908447266
2022-09-21,-0.030861358306505493,1.0332988349326162,-0.06146250459431635,-0.03617841550065681,0.43038797378748184,-0.02490894969997004,85.7300033569336
2022-09-22,-0.025312092772294736,1.0379783331788397,-0.08279390145210042,-0.04542134093023564,0.3562753393733045,-0.05613917642869526,83.55999755859375
2022-09-23,-0.010770630957154914,1.0345666440699197,-0.08997325913271692,-0.03903830710284406,0.3653620070646562,-0.05206414501169698,82.66000366210938
2022-09-26,-0.016090028697450354,1.0397960813768712,-0.10184945251625577,-0.03578032944786691,0.3583480388153714,-0.05649646507657802,81.33000183105469
2022-09-27,-0.005410087685971732,1.0281556815664112,-0.10369205299136453,-0.023468645034692148,0.31399519238666795,-0.07140398550248639,80.88999938964844
2022-09-28,0.021016157263808122,0.9680176880813601,-0.08215490103081458,0.004671150319583317,0.3497731509314004,-0.060302686182314824,82.58999633789062
2022-09-29,-0.0038745575616088157,1.0287671277394363,-0.08278056833737035,0.0039292853027685926,0.268610143500814,-0.083138375512952,82.2699966430664
2022-09-30,-0.018475710527387168,1.0314464779670904,-0.09658941241927643,-0.010004154328194681,0.13063359365967828,-0.1228546367426877,80.75
2022-10-03,0.02414856901847906,0.9700303453345005,-0.07202732018226665,0.010508297982903425,0.2545101676943247,-0.08436672688583602,82.69999694824219
2022-10-04,0.02176545487522019,0.974361200609766,-0.04940826671275789,0.023473293542297213,0.320211399716251,-0.06753478880039943,84.5
2022-10-05,0.006508911855122035,0.9789871559672664,-0.041049903169057544,0.024032602153775784,0.34149118407597256,-0.061465454932733476,85.05000305175781
2022-10-06,-0.007407464552695031,1.0301825716252715,-0.045530109370196414,0.011211711696398119,0.3365114629180654,-0.06459835823883309,84.41999816894531
2022-10-07,-0.023691068981042895,1.022853767800707,-0.06507179305369915,-0.016679008218388525,0.3115264451977008,-0.08095452845143969,82.41999816894531
2022-10-10,-0.0070371492834274685,1.0176979846201446,-0.06822118679101385,-0.02159102438929006,0.32223410928880697,-0.07483611592919448,81.83999633789062
2022-10-11,0.0006109855082516713,0.9721682518273201,-0.06410626698969013,-0.01484528714073452,0.3795482578044493,-0.04479183269476206,81.88999938964844
2022-10-12,-0.019294197616692266,1.032555269879351,-0.0782130361857134,-0.02270736484293656,0.3941368499112307,-0.03889420889129447,80.30999755859375
2022-10-13,0.03972111241914611,0.9675922984050327,-0.038450460904773553,0.018392059474291678,0.5238094002366668,0.010162065094072581,83.5
2022-10-14,-0.022634723229322584,1.0291296021286467,-0.05651269288031635,-0.0026884782137008845,0.5076922689971797,0.003442748960936992,81.61000061035156
2022-10-17,0.014091428958193708,0.9535691807473333,-0.03982083721094343,0.009096034796751917,0.5494447813318388,0.023117848444703215,82.76000213623047
2022-10-18,0.016191352142365556,0.9626871430984599,-0.021723340386202383,0.01993789079180841,0.5407008427699909,0.018283111795438067,84.0999984741211
2022-10-19,-0.00523180523180522,1.030665622447498,-0.024981453402751486,0.00642401510085211,0.5372256718625811,0.01689567370561118,83.66000366210938
2022-10-20,-0.014463383467615332,1.0219908729446447,-0.037167471666452956,-0.005620186886856282,0.5462961731721466,0.021052593786280882,82.44999694824219
2022-10-21,0.00982419912637189,0.9682024780192877,-0.025181229356666335,0.00016819384391819625,0.5162602904748339,0.006771526102216985,83.26000213623047
2022-10-24,0.007446494130195491,0.9667755988291395,-0.016324262259793665,0.0049119151802172745,0.48067325058017113,-0.007337310610438186,83.87999725341797
2022-10-25,0.007391544669569816,0.9707602172926661,-0.0077705032103605465,0.011370436864153177,0.4829297793302809,-0.006466819894446196,84.5
2022-10-26,0.010295890492095117,0.9766503895896993,0.0029989282670299655,0.017617924628253512,0.5290521033546444,0.01125331199054913,85.37000274658203
2022-10-27,0.002342707529667809,0.9695504016926505,0.006043076801639069,0.012471003408186299,0.6082473956517201,0.038218898275416135,85.56999969482422
2022-10-28,0.014607923389715838,0.9664124611624753,0.02125256852054047,0.018679305148246117,0.6636005407743781,0.060850483623835716,86.81999969482422
2022-10-31,0.0059893647188922206,0.9580822992746281,0.027326927703834603,0.01652696285044275,0.673677377317021,0.06655265586595083,87.33999633789062
2022-11-01,0.004579820731059225,0.9553538025760248,0.03156475448764828,0.01353847387149143,0.7560302967366072,0.09251650518050258,87.73999786376953
2022-11-02,-0.022338718169515714,1.042066361316038,0.008915328279844204,-0.01004038903802229,0.5858433354245229,0.027305374602357713,85.77999877929688
2022-11-03,-0.02051762836647708,1.034568351913526,-0.010659409685183086,-0.02687052673273982,0.5916348195082725,0.02953064593420862,84.0199966430664
2022-11-04,0.007498273125252419,0.9632041076173964,-0.001748244815598543,-0.01462059378833025,0.5748217996423911,0.022837111416905476,84.6500015258789
2022-11-07,0.0105138732853578,0.9648644571822609,0.010690004561262123,-7.011701354098232e-05,0.5591133622055825,0.01712250258660064,85.54000091552734
2022-11-08,-0.06254382063199104,1.089011429241438,-0.049678810034520016,-0.04576607188390169,0.39847867565586403,-0.04147742133406973,80.19000244140625
2022-11-09,-0.011223363243273665,1.04582360529957,-0.05717978962484571,-0.041673711624711895,0.4058404402313551,-0.03832621163950467,79.29000091552734
2022-11-10,0.032160365656698,0.9435470330066292,-0.02431177252121819,-0.005613521991654102,0.4616629034630125,-0.017055077611173086,81.83999633789062
2022-11-11,0.020894511123963566,0.9447812637402248,-0.001932185122974217,0.017884582566663587,0.4915860769249623,-0.003934122704644105,83.55000305175781
2022-11-14,-0.007779790570159983,1.0465529532023243,-0.007687704797870842,0.016504410050810936,0.4592668558476142,-0.018934893184864965,82.9000015258789
2022-11-15,0.006031362977042987,0.9555592046924982,-0.0001887918620961937,0.014647925016518792,0.4488842557362978,-0.02307603557834015,83.4000015258789
2022-11-16,-0.019424493008904142,1.0569814376410873,-0.018447625979803206,-0.011052814740432293,0.40840988229203284,-0.04429123441678107,81.77999877929688
2022-11-17,-0.022499344159398915,1.0582245700792174,-0.03948859217635936,-0.02884076804905955,0.3383459778797818,-0.07924438237274167,79.94000244140625
2022-11-18,0.017012766685220004,0.9445168593599914,-0.02274840505199205,-0.006889455719167992,0.36347218686903177,-0.06915495236301594,81.30000305175781
2022-11-21,0.012177095038228725,0.9459683847187386,-0.011133594873414365,0.006704014628366561,0.3800089093563696,-0.06211530751008432,82.29000091552734
2022-11-22,-0.052983358389158464,1.11782253332994,-0.0626935615904789,-0.033702023068530984,0.34368785547239483,-0.09151315674786065,77.93000030517578
2022-11-23,0.013986864283615619,0.9392445845732021,-0.04856225506083389,-0.01343392952583089,0.3977086845226947,-0.059509642939418184,79.0199966430664
2022-11-25,0.0012655796983560563,0.9680313724668083,-0.04645399672873318,-0.010158609548108988,0.38435805244019344,-0.06532780483891976,79.12000274658203
2022-11-28,-0.037790765790806646,1.0745298571502049,-0.08121027993768226,-0.03508330165942275,0.3191080328899818,-0.11000705589659698,76.12999725341797
2022-11-29,0.004597479523748671,0.9484980135586901,-0.07525070437110704,-0.016157207768799586,0.41170880502573687,-0.046265107513664194,76.4800033569336
2022-11-30,0.03347276995590853,0.9295440676604309,-0.042716812912860336,0.013879277686452918,0.4944861082505105,-0.003152982685248551,79.04000091552734
2022-12-01,0.002656870977229442,0.9437332352300367,-0.03848486974324816,0.01597352868902302,0.43630117656948486,-0.031647072993471026,79.25
2022-12-02,0.004668804373274771,0.9520141274284356,-0.032587267596201897,0.019410041425588,0.39652455004079856,-0.047037703909372786,79.62000274658203
2022-12-05,-0.010424539090967522,1.0677017117441598,-0.04161534089496355,0.0019583819816051395,0.3928013111246604,-0.04957781103379766,78.79000091552734
2022-12-06,-0.021703249963228033,1.053827875011263,-0.06105629222421349,-0.021280910957984567,0.3449461281969596,-0.07577937145316638,77.08000183105469
2022-12-07,-0.002205476970770115,1.0430291480026597,-0.06170410526513426,-0.01812840719713016,0.37136838151309404,-0.05954995341012859,76.91000366210938
2022-12-08,0.011441908874222362,0.9597662680803496,-0.050238227999558904,-0.0031779529489723846,0.44017806157432077,-0.026895189644943973,77.79000091552734
2022-12-09,0.010284039246020837,0.9550337659697472,-0.03903064243187537,0.009738868310409377,0.42217098955110594,-0.03333341466348927,78.58999633789062
2022-12-12,0.014251212606839703,0.9556742581641304,-0.02476923723255886,0.021713478136664355,0.42645380347315615,-0.03135255562462713,79.70999908447266
2022-12-13,0.005394559153363954,0.9119126984740794,-0.01872192447466481,0.019229784734015043,0.5811902184606571,0.028358771664548366,80.13999938964844
2022-12-14,-0.01684550142753649,1.0788987137581907,-0.033681330443449564,-0.0027087035454472774,0.4917088840849959,-0.002910601585798034,78.79000091552734
2022-12-15,-0.013580399573435598,1.077725188523437,-0.045065123589671297,-0.016077961498398685,0.45283014987849013,-0.01769465972294071,77.72000122070312
2022-12-16,-0.01286670077577945,1.1244669033310746,-0.05568991267968337,-0.024117217063649,0.5229573555387332,0.0077499538758838415,76.72000122070312
2022-12-19,0.005213784143827116,0.939301122244255,-0.048969646467495576,-0.01252270657754262,0.5248061896301693,0.008368192488977133,77.12000274658203
2022-12-20,-0.005446133083267579,1.0556831969791454,-0.05205073928520576,-0.009171988845255608,0.39126377775493054,-0.02960531300835889,76.69999694824219
2022-12-21,0.005997480210822026,0.955488977562635,-0.04419775998575426,0.0009859698679104412,0.4050865356897355,-0.02637219353805209,77.16000366210938
2022-12-22,-0.00025925701803408696,1.0510633578337405,-0.04200393010851289,0.002234676676258651,0.3836772640705282,-0.03114799386313838,77.13999938964844
2022-12-23,0.004666847461757495,0.9748795303932539,-0.035115572745596846,0.00487525864848215,0.43670266729059426,-0.016372647550929487,77.5
2022-12-27,0.0018064437373992437,0.964347661083628,-0.0306027014939938,0.005334846329957621,0.5324824178955996,0.007265147188516785,77.63999938964844
2022-12-28,-0.017259097738597906,1.0419381479869967,-0.044039309137133054,-0.01099183432880979,0.4688457570004894,-0.00793135588747973,76.30000305175781
2022-12-29,0.019790228655844677,0.9672067485633502,-0.022078983447375577,0.006884206132462323,0.5009595312830629,0.00025705929850960985,77.80999755859375
2022-12-30,-0.001156616639434449,1.0343155521027412,-0.020730097298024996,0.0042122254378131885,0.4552011063007284,-0.01107004908674425,77.72000122070312
2023-01-03,0.006948030198737243,0.9564988504051001,-0.012133721441754397,0.009207456976014106,0.42059166633241085,-0.018190904088526638,78.26000213623047
2023-01-04,0.034628149891374305,0.9321090091855583,0.023262579726927468,0.035263132850668955,0.5363716724215865,0.010356898395009084,80.97000122070312
2023-01-05,-0.011609267966342873,1.052546665443975,0.01314696020221362,0.013576820508440113,0.5563635001695805,0.015738010526221036,80.02999877929688
2023-01-06,0.010371133871232896,0.9575402469499583,0.023437425558555214,0.016237681027682305,0.6459106198806527,0.04040143258273643,80.86000061035156
2023-01-09,-0.04105861575270875,1.0821746656409041,-0.01803974813119058,-0.0250465196216606,0.5313455314120261,0.010688212744748293,77.54000091552734
2023-01-10,0.01741034895771776,0.955606123887248,-9.523355017582169e-06,-0.009641226137885317,0.5630789677319719,0.022951200467181687,78.88999938964844
2023-01-11,0.01812650926910031,0.9401544512018037,0.01915999331021845,0.00995875437720306,0.6203458286643031,0.04719690861297998,80.31999969482422
2023-01-12,-0.005851608845728218,1.043657589976254,0.014177502436907519,0.004503580964766218,0.5893686255882367,0.034862554229409426,79.8499984741211
2023-01-13,0.009267349754669807,0.9560836597533424,0.024490340801386346,0.014501842827555622,0.6093848874990083,0.04472383945475045,80.58999633789062
2023-01-17,-0.0029780106052280653,1.0639211748136999,0.02190381981810119,0.004375000083446379,0.5910543442493084,0.036774173859627,80.3499984741211
2023-01-18,-0.020161731772891822,1.0415125468630513,0.0016858416184928338,-0.015481141481383243,0.5318156775537455,0.014039206283539496,78.7300033569336
2023-01-19,0.010034208719022386,0.9461096840032177,0.012310113941845113,-0.0036086860841745283,0.5971048757782982,0.04220174918111508,79.5199966430664
2023-01-20,0.01747996828121301,0.9504952007314003,0.030457832536959994,0.011122269066226043,0.5941679135124712,0.03984071714153714,80.91000366210938
2023-01-23,0.01804472893821396,0.9273702148629549,0.047571233938572544,0.02480842223788904,0.6303982904673616,0.0598301782404016,82.37000274658203
2023-01-24,-0.019060333161022847,1.0592474078279224,0.027022936263533914,0.004150835779263451,0.5673383314111513,0.03245592698944555,80.80000305175781
2023-01-25,0.0049504193239715555,0.9672779365609817,0.03142540623399093,0.0029643816215576546,0.5069485165311353,0.0028405054226461335,81.19999694824219
2023-01-26,0.007881766178592153,0.966476204281981,0.03767329825881194,0.005109006997540799,0.5556922848673047,0.022616488644280563,81.83999633789062
2023-01-27,0.009042100760963123,0.9595154688656166,0.045035373045481775,0.010054082121728314,0.5532178977414898,0.021271348104379584,82.58000183105469
2023-01-30,0.0,1.0,0.04386629269817477,0.009535474707270009,0.6962618904871942,0.0649987213827603,82.58000183105469
2023-01-31,0.01344151835480023,0.9357700327311349,0.05641516888008513,0.015926613482006635,0.6904764499795943,0.06084425261622761,83.69000244140625
2023-02-01,0.024853556470098237,0.9220837795649729,0.08057368986611535,0.02975071833572729,0.7056604990378316,0.06785354792018738,85.7699966430664
2023-02-02,0.02110301106248902,0.9301478284674471,0.10033075886330045,0.03718617813219294,0.7649077909303738,0.09680655610079736,87.58000183105469
2023-02-03,-0.005480741572254533,1.0535599125711441,0.09086694167226739,0.020575532257184337,0.7271460143185638,0.08077928318715766,87.0999984741211
2023-02-06,-0.021354772019935186,1.0485919897625398,0.06479454599647605,-0.007406045821676921,0.6532915462465764,0.060858736558948356,85.23999786376953
2023-02-07,0.015720366035517186,0.9497596455212186,0.07857276264122515,0.001457451400975307,0.7504784801979065,0.09970783868167787,86.58000183105469
2023-02-08,-0.004850983599710035,1.0562495294922023,0.07081607924238709,-0.004298953764663382,0.7169935419464317,0.08350109782885573,86.16000366210938
2023-02-09,-0.02959613444026843,1.0604154096395189,0.03786642525961037,-0.024819798290263817,0.5820168847795031,0.03337037234008444,83.61000061035156
2023-02-10,0.0009568452394530524,0.9581630792857524,0.03771628073308175,-0.01605999364827071,0.5437665406738046,0.016025247672812437,83.69000244140625
2023-02-13,0.008364164509760519,0.9588779281279007,0.04458258500524437,-0.005843156562837626,0.6263193047751074,0.04443064606805769,84.38999938964844
2023-02-14,-0.011731222549232201,1.0453728728803964,0.030517033573410624,-0.0100890205887878,0.5743244253343142,0.027093653452216593,83.4000015258789
2023-02-15,0.013069500215205698,0.9560490967863154,0.04148558792617485,0.006840143656199782,0.5868852524627923,0.0323802742480328,84.48999786376953
2023-02-16,-0.003432369781745548,1.04797676964974,0.035651209558477115,0.001975358963949292,0.5547295534846222,0.019617281197229275,84.19999694824219
2023-02-17,0.007125963482925712,0.9346982865846891,0.04043976685873796,0.006456552619098277,0.572077918860942,0.02688303670960046,84.80000305175781
2023-02-21,0.008136730980900841,0.9167182748105512,0.04623233015969297,0.012003390545002102,0.5600799405538899,0.021507890666194074,85.48999786376953
2023-02-22,-0.004561930043207041,1.0679311353642549,0.03892930891941049,0.0033484205535763145,0.4747931625972761,-0.00781156809103678,85.0999984741211
2023-02-23,-0.01304348566691349,1.0700028231160927,0.023350993942126808,-0.008569821361970043,0.35742641636119815,-0.04099113829901968,83.98999786376953
2023-02-24,-0.005953089804943135,1.0723268903785643,0.015449424749257146,-0.012817191715949972,0.35685961793736526,-0.0414466208219757,83.48999786376953
2023-02-27,-0.001197729987779672,1.0581343320985461,0.012051403074632594,-0.010700884065567795,0.4147466021062757,-0.02170340826471817,83.38999938964844
2023-02-28,-0.007075145007902073,1.0573345884119953,0.003371874479900727,-0.011390456390176773,0.3128711779342602,-0.04365902863657667,82.80000305175781
2023-03-01,-0.008695666596208462,1.0427547581987142,-0.0066651731021356575,-0.0128682882615192,0.3038459506964762,-0.04735377968477217,82.08000183105469
2023-03-02,0.0021929861252474314,0.9610604164616228,-0.005690120628851214,-0.006569715383893837,0.4159402265258093,-0.016146375604187635,82.26000213623047
2023-03-03,0.013980081400610578,0.9612179494994567,0.007467573955960427,0.007513185882210616,0.4846154362089752,-0.003345665803904274,83.41000366210938
2023-03-06,-0.01774371528538743,1.057882867837994,-0.010976075663648555,-0.006860961464973947,0.37550608459827134,-0.02915036262903925,81.93000030517578
2023-03-07,-0.026730165180627985,1.0549619455488042,-0.03708737938899698,-0.026183421248771044,0.3348374071630914,-0.04388493519360048,79.73999786376953
2023-03-08,-0.016804569523313995,1.0515969436268102,-0.05351444443025244,-0.03386404514651942,0.2312446887167131,-0.07207949451851148,78.4000015258789
2023-03-09,-0.0051020601797675535,1.040594654335913,-0.05809046119197192,-0.028594209576927265,0.229021170231496,-0.07363417070018818,78.0
2023-03-10,-0.016410240760216355,1.0408610339885482,-0.07253944244921118,-0.028344169776493455,0.1666664568372495,-0.09528303703153229,76.72000122070312
2023-03-13,0.01642338524742426,0.9496050756788614,-0.05677433200884252,-0.002405043427171405,0.2040979881007921,-0.08784646969816634,77.9800033569336
2023-03-14,-0.001538891272327203,1.0476909649010975,-0.057447745948732254,0.0008741164439067806,0.20853484364969915,-0.08507635715141892,77.86000061035156
2023-03-15,0.007064000095636791,0.9641098707717324,-0.05023192282141631,0.00791837260038264,0.26475588849255244,-0.06643641318708948,78.41000366210938
2023-03-16,0.010967898747498817,0.9599554498050928,-0.039971947800132024,0.015656974262406864,0.32733220952737724,-0.050544991360388924,79.2699966430664
2023-03-17,-0.01236275727311742,1.0638522900162257,-0.05148730811974889,-0.0009188142354322748,0.305343547016586,-0.0611583944291787,78.29000091552734
2023-03-20,0.016860386759331547,0.9509436294149444,-0.03511509327734563,0.011717162926355273,0.38467093206585007,-0.0385265981139179,79.61000061035156
2023-03-21,0.020349236705964557,0.9583688893871696,-0.015140227711137877,0.023537742180303356,0.4711473767682141,-0.010355731666169432,81.2300033569336
2023-03-22,-0.015880842819357532,1.0412630618923575,-0.03052791538169719,0.003414189451727223,0.4267677047425055,-0.028203253520247662,79.94000244140625
2023-03-23,-0.029647268879171906,1.0480332033346453,-0.05823363564862438,-0.022161174842102782,0.3288393261627779,-0.07001563015082435,77.56999969482422
2023-03-24,0.023204886668033886,0.957550796340779,-0.03565708982869431,-0.002187456245168251,0.426352219810784,-0.031246155853267177,79.37000274658203
2023-03-27,0.0034017466766187443,0.9597719344782245,-0.031511756960097004,0.0011313370464267614,0.4967658965057272,-0.0012540566440939482,79.63999938964844
2023-03-28,-0.0016323110800383622,1.0382380823603181,-0.0321893313809839,0.0038381037998729273,0.5389473898368968,0.014158170774845713,79.51000213623047
2023-03-29,-0.0055339256645013934,1.0506255653129688,-0.03619011443150133,0.00048080476326273214,0.5374387552929255,0.013717944805438753,79.06999969482422
2023-03-30,0.0013911801034034443,0.971788642306275,-0.03290717506068763,-0.002192713000513491,0.593749945483568,0.03206463823424466,79.18000030517578
2023-03-31,0.018186441473303727,0.9610214026940327,-0.013222087701768914,0.01276320136153708,0.5992480745821903,0.033854825288536006,80.62000274658203
2023-04-03,-0.011783732886029852,1.0442826522478266,-0.022627905894681666,0.0007536434886792343,0.5640480160341417,0.023246821787888727,79.66999816894531
2023-04-04,-0.0025103169679768778,1.031489194685618,-0.023353123098546646,-0.0016582398160158718,0.5384614532835189,0.013518652073548854,79.47000122070312
2023-04-05,0.010066634076694392,0.9694057524253932,-0.01160540461748516,0.005360547420573347,0.5364431454456077,0.012615113439486514,80.2699966430664
2023-04-06,0.0003738184869352956,0.969876867417708,-0.00944906002424406,0.0029226223924834205,0.578700088601265,0.025673803968902842,80.30000305175781
2023-04-10,-0.0007472625866478122,1.0262713695216972,-0.009159503468859409,0.003125371621811146,0.5273673458430468,0.007913544135007111,80.23999786376953
2023-04-11,0.009471612119441808,0.9689736180675329,0.0010566656446304723,0.00927033799845356,0.4892017373500898,-0.002831507416329093,81.0
2023-04-12,-0.0023457091531635665,1.0311262378478194,-0.0001856210678028436,0.003551717980039726,0.5455493952418233,0.010883100958436698,80.80999755859375
2023-04-13,0.00965225594433794,0.9633087250018962,0.010030311849136275,0.009927184554497037,0.7525118969458515,0.051824115751990085,81.58999633789062
2023-04-14,-0.010785602315431131,1.0314392091935118,0.0003067326692112182,-0.001978472710465584,0.5951700789381283,0.016882906532951214,80.70999908447266
2023-04-17,0.017469999728703334,0.9643133560034125,0.018438452021444895,0.010757497110829073,0.6515891588188825,0.031140172977649927,82.12000274658203
2023-04-18,-0.005723346383140315,1.0304728145903608,0.013599502591267187,0.0033671116428053427,0.6255865307467476,0.026914845078004346,81.6500015258789
2023-04-19,0.039436633931752674,0.9360624580331638,0.05377521707401822,0.03263252837843633,0.7566368873201018,0.07335276431191717,84.87000274658203
2023-04-20,-0.016260219608253523,1.0440628457488845,0.037158929168855215,0.011166518039099183,0.6714395312391886,0.054432906567089434,83.48999786376953
2023-04-21,0.026829626907154402,0.9072024862260457,0.06441032728669316,0.025822065601288857,0.6910991328641959,0.06338378114937737,85.7300033569336
2023-04-24,0.046191519064630704,0.8839762561283112,0.11143814207306235,0.05410996836876003,0.8058605601775904,0.1257688528021914,89.69000244140625
2023-04-25,0.0,1.0,0.10927312900470731,0.03455833864186442,0.8158215874776258,0.1286020015567919,89.69000244140625
2023-04-26,0.0031218505036811894,0.9185215034001937,0.11027470391057204,0.025719950272290237,0.8097058790572501,0.12084221979937748,89.97000122070312
2023-04-27,0.015671846321931415,0.9369027104790963,0.12444853053911542,0.023383907620450284,0.8251168921529692,0.13798248792741008,91.37999725341797
2023-04-28,-0.004705628344278567,1.076788654026047,0.11617342540250375,0.006796812863002488,0.8075816237321781,0.1334745684148193,90.94999694824219
2023-05-01,-0.0029686272911043643,1.053889963517054,0.11038320717260341,0.0016126612319933287,0.7860519204469055,0.11950617660710838,90.68000030517578
2023-05-02,-0.004962471843049876,1.0477209195128843,0.10207275630270529,-0.004545315204796951,0.7741561592260828,0.11656980674339934,90.2300033569336
2023-05-03,0.005098072341336302,0.9382267841525354,0.10399987502715313,-0.001057405542312262,0.7698696848779614,0.11153335595003022,90.69000244140625
2023-05-04,-0.015657798656001698,1.0451985573218752,0.08313056026425558,-0.012106627602113229,0.7459768119144772,0.10605869973601023,89.2699966430664
2023-05-05,0.008849568110616657,0.9608100480840548,0.08873303989617165,-0.0013971403805039806,0.7365909350278644,0.09668770757977341,90.05999755859375
2023-05-08,0.0014435363794886857,0.9690502213724432,0.08588407216980465,0.0011322479417030795,0.7597322288352882,0.10459278329370991,90.19000244140625
2023-05-09,-0.006541789015567012,1.0315282976526214,0.0750204485503343,-0.004023932766751059,0.6712524017930441,0.05573224430854107,89.5999984741211
2023-05-10,-0.0021204778487423637,1.0338976187000561,0.06903729481389775,-0.0032996242676697207,0.7345485146563538,0.07090676667640472,89.41000366210938
2023-05-11,-0.004362006521293149,1.0363970748983429,0.06100917876368217,-0.007093815411404192,0.6527387177805202,0.038376217861966655,89.0199966430664
2023-05-12,-0.001572673499525945,1.0391126462846019,0.05631581271112496,-0.0060389447914245276,0.4417262838506133,-0.00903116474455945,88.87999725341797
2023-05-15,0.0048379873814548,0.965716683047639,0.05796222737993362,0.0007395325319339285,0.47425442876755386,-0.004236870024178607,89.30999755859375
2023-05-16,-0.004590707019624052,1.034061348790524,0.05021605381637806,-0.0022894348656791186,0.4287616917136266,-0.01189284961994641,88.9000015258789
2023-05-17,-0.003599546561661948,1.0561737320042046,0.04416915162568347,-0.004025243827433078,0.281932017640285,-0.03064122900549282,88.58000183105469
2023-05-18,0.004967202561712458,0.9636222345367832,0.04655533274328105,0.0009219645328284454,0.3499222228945898,-0.021220454864601113,89.0199966430664
2023-05-19,0.0034824219240456866,0.9432456544788453,0.04658248863834391,0.003392213163713631,0.3956725944740618,-0.014887499664510195,89.33000183105469
2023-05-22,0.0019030355475289085,0.9585384339153352,0.04547219979699202,0.004872786832288201,0.4410337504637407,-0.008090472456770637,89.5
2023-05-23,-0.0264804776154417,1.050255201837269,0.01556623425057091,-0.017833013200111658,0.2802469659079671,-0.039254659743651055,87.12999725341797
2023-05-24,0.004131764279809325,0.9405122910590084,0.01739653933399632,-0.011345411768414082,0.37357978559693433,-0.01993949642917492,87.48999786376953
2023-05-25,-0.045147983137372116,1.1137061476055268,-0.029797649760252454,-0.044142871416810836,0.1803924648543122,-0.07239614501237845,83.54000091552734
2023-05-26,-0.02489827397964617,1.0807899010741029,-0.05457985946007571,-0.05084824744385408,0.14074064771353675,-0.09679568822060092,81.45999908447266
2023-05-30,0.012767013592142051,0.9329956367307377,-0.04303167336491054,-0.02278971673568042,0.21825399468485443,-0.07924105574814011,82.5
2023-05-31,0.003151541045217865,0.9316363286348591,-0.040875192802206084,-0.0094553903503235,0.2375691206569826,-0.07437648197633484,82.76000213623047
2023-06-01,-0.00012085712871301446,1.0586788747322435,-0.041901606692507865,0.0017917189897145303,0.24491472026072786,-0.07043357537078454,82.75
2023-06-02,0.012205463881939105,0.9489978858137513,-0.031186268936826744,0.013479193860489236,0.30547136426986254,-0.05760570741906279,83.76000213623047
2023-06-05,-0.0003581516061578194,1.0318799234761271,-0.03249285491955234,0.007581249331968909,0.2813482261959642,-0.06247894249464381,83.7300033569336
2023-06-06,-0.0015526678323216636,1.0433583195515368,-0.0349317935489063,0.0033605046725371235,0.2876603210700706,-0.05961758111123283,83.5999984741211
2023-06-07,-0.00849281217023512,1.0443149657909017,-0.04364957605314135,-0.005471183716855066,0.27894336231354816,-0.0642357453577228,82.88999938964844
2023-06-08,0.002533467077077578,0.9550502617363461,-0.041859571374764704,-0.0037882647298185246,0.26582312862757973,-0.06650189162196973,83.0999984741211
2023-06-09,0.007581286334303439,0.9727373224256204,-0.03519078219269656,0.0038365033478049426,0.28395091526142124,-0.06268888793612792,83.7300033569336
2023-06-12,0.0065686778969624715,0.9624105969033238,-0.029850977293309766,0.00909960592971304,0.3043479504169855,-0.058324035985509726,84.27999877929688
2023-06-13,0.017441875201642976,0.9254432766402514,-0.013959800927845212,0.021441334127456857,0.44453391735360803,-0.01583837136370203,85.75
2023-06-14,0.02518954707999277,0.9200694873923074,0.009062200944032428,0.03479533368511012,0.514747381014505,0.004800615025660759,87.91000366210938
2023-06-15,0.0038675500367106874,0.9424879857486121,0.011983256512673623,0.026353726388286924,0.721542499553218,0.056380165583613584,88.25
2023-06-16,0.010198317573698601,0.8999067023739795,0.020647665511863256,0.023912352568664197,0.906877910468969,0.09440219160120344,89.1500015258789
2023-06-20,-0.0023555701724996547,1.061866610005776,0.017308801426696663,0.01068182840032006,0.8735495759584083,0.07806063565340904,88.94000244140625
2023-06-21,-0.00697102236972047,1.0642604965672688,0.010613034060917403,-0.002191763639751154,0.8095763227382866,0.06718218239580875,88.31999969482422
2023-06-22,-0.010303397145144833,1.0557783303023722,0.0008530725424049646,-0.011355642614293338,0.7358300282936111,0.05631424365086857,87.41000366210938
2023-06-23,0.0008008201795164371,0.9437450169844709,0.002369032413705341,-0.008837511448197555,0.7080537027301961,0.044412620890968535,87.4800033569336
2023-06-26,-0.005487006613100975,1.045235678405039,-0.001878651004886156,-0.009450094657304398,0.6741210968444881,0.03905406081409901,87.0
2023-06-27,0.0017241554698725903,0.9481342911925098,0.0009331837663133502,-0.0036811793031359397,0.6886292067054325,0.042464152111877596,87.1500015258789
2023-06-28,-0.009064841098055054,1.0541940651786388,-0.006908286509253236,-0.008268272916438502,0.6828239837797077,0.04186272465018814,86.36000061035156
2023-06-29,0.004747522346192579,0.9601163023653891,-0.0012000515448538085,-0.002093152351704264,0.6893703428423857,0.044163637019659197,86.7699966430664
2023-06-30,0.01532789999434625,0.9407035567054336,0.014865865489791963,0.011759830836250762,0.7102981411885995,0.0521915077270283,88.0999984741211
2023-07-03,-0.010896698082856981,1.0296994313192749,0.004423303197981676,0.0004132997487213963,0.6324073982500434,0.033934511767626185,87.13999938964844
2023-07-05,-0.003098423742914136,1.0386639506655133,0.0022324669943076803,-0.002044812368411919,0.5583334856563387,0.013061256519907083,86.87000274658203
2023-07-06,-0.009209197956302484,1.0420164093856958,-0.005815873858415532,-0.01057592483365033,0.3883492448841841,-0.020930541356332877,86.06999969482422
2023-07-07,-0.0020913245708609196,1.0525408801399248,-0.006831010174328633,-0.010643450940701182,0.3539603913651892,-0.026742216547893105,85.88999938964844
2023-07-10,0.006519939021693011,0.9683052602803615,0.0005005030437690294,-0.000393167356862123,0.32558105149645583,-0.03028608560206192,86.44999694824219
2023-07-11,0.009716645424383996,0.9707749860108089,0.010727919776440054,0.008969657825438349,0.4014336329487646,-0.018551849343223625,87.29000091552734
2023-07-12,0.0032076844582444863,0.9598970586242588,0.014354669873983372,0.01057078003679024,0.4533001174337867,-0.008491847855429224,87.56999969482422
2023-07-13,0.005481367575726592,0.9512154864714896,0.020286997064430157,0.011487685832944461,0.542105189188755,0.0073218094363936,88.05000305175781
2023-07-14,-0.004542890539637745,1.0501654716255262,0.016019857969254314,0.002837476229611502,0.5107186632313581,0.001943280320322982,87.6500015258789
2023-07-17,-0.010724500000478754,1.0485387395711607,0.005668541562593443,-0.008507349723855695,0.4827174807560279,-0.003333343856636084,86.70999908447266
2023-07-18,-0.001268603523388312,1.0590621588530515,0.005098006726245385,-0.008200122418421274,0.4670657095971318,-0.006310993024991385,86.5999984741211
2023-07-19,-0.005542675935294672,1.0469562340254535,0.00045889991816583375,-0.01041066140939273,0.4850747614153853,-0.0027790396256754946,86.12000274658203
2023-07-20,0.037505755045592615,0.9440671706334179,0.03802708729203541,0.023646385578932172,0.6187846080135334,0.02973380120858682,89.3499984741211
2023-07-21,-0.004364850546263788,1.0462892717991787,0.032947239699622655,0.016128289836541132,0.5433468129582829,0.009761641603253546,88.95999908447266
2023-07-24,-0.002248167157154257,1.0372025837914793,0.030245189226072,0.009118010316917724,0.5884281358199395,0.01859080511738531,88.76000213623047
2023-07-25,0.0022532328011353187,0.971560615988917,0.030945142255562885,0.005993427315026834,0.6149613410281978,0.02405889572707376,88.95999908447266
2023-07-26,0.016187077970166053,0.9485934253390095,0.044926655279459604,0.012476776472036377,0.7225078999161002,0.0503079103800097,90.4000015258789
2023-07-27,-0.020907072541446636,1.0460941569308588,0.02130656537594633,-0.00682240009665025,0.6145106614834778,0.030504165388290705,88.51000213623047
2023-07-28,-0.002937545248618223,1.0326232447363388,0.016696277961524952,-0.008159514572404047,0.5807900875394312,0.02082132001503112,88.25
2023-07-31,-0.005552383725433763,1.0530481997182033,0.009594385286659346,-0.01144452137014218,0.5217794955121596,0.005384364941844355,87.76000213623047
2023-08-01,-0.0009115978704113958,1.03059217828462,0.007538147542270446,-0.009489391142607495,0.505193609461317,0.0012561449210335418,87.68000030517578
2023-08-02,-0.025319356899820566,1.0465187390137574,-0.01845988416842892,-0.0236713616804346,0.3949714036793129,-0.02941514909162113,85.45999908447266
2023-08-03,-0.011350353745549824,1.0356264513426408,-0.02984863331083365,-0.025804838314156475,0.37751917995207085,-0.03605252261377745,84.48999786376953
2023-08-04,-0.005326038106519548,1.0416701089099805,-0.035334152527414675,-0.021493597841277468,0.392425436584979,-0.0307922753677371,84.04000091552734
2023-08-07,0.008091388597904592,0.9748485646563076,-0.027980544677513985,-0.006543289688141218,0.4275809330793334,-0.021708975595187474,84.72000122070312
2023-08-08,-0.02927293816336196,1.0631470042857318,-0.05603097410776792,-0.02316191400422629,0.3704937920750024,-0.04505346910206054,82.23999786376953
2023-08-09,0.00851172903477293,0.9672553645528024,-0.04762996077092352,-0.008914246338513343,0.2425705351053132,-0.07174030377371976,82.94000244140625
2023-08-10,0.0021702471651474653,0.9691852645751825,-0.044841954619528224,-0.0035006748115778974,0.26143816515637125,-0.06564744152419799,83.12000274658203
2023-08-11,0.0039700937290179095,0.9723462699808018,-0.03981962444649423,0.0018728444263012012,0.2853676633396265,-0.05982430216527468,83.44999694824219
2023-08-14,-0.003475054484575635,1.0261038499218706,-0.04175329179479603,0.0021450787895735957,0.2672553832852567,-0.06519779094035116,83.16000366210938
2023-08-15,-0.0038480917523643354,1.0296570956206694,-0.04370240947667481,-0.003152801232322311,0.16666655453568693,-0.08362837456174232,82.83999633789062
2023-08-16,-0.015330718242505759,1.0316498917193202,-0.05635603930467148,-0.015188102875349885,0.17630589313724657,-0.07840924498820512,81.56999969482422
2023-08-17,-0.00012262028034681904,1.0352282098884291,-0.05462346237544724,-0.011585647573486235,0.18051567997061924,-0.0758073931037535,81.55999755859375
2023-08-18,-0.0004904477283561581,1.0365316289731867,-0.053471582462560785,-0.00742727560327483,0.18862261315026857,-0.07110306906644848,81.5199966430664
2023-08-21,0.0011040722643700374,0.9680251573349151,-0.05080920666404887,-0.002566579849588191,0.19740798522499844,-0.06922901087702105,81.61000061035156
2023-08-22,0.025854681957739434,0.9299346794761487,-0.025338620248427257,0.021025441401548717,0.4122985460320635,-0.02036037774877153,83.72000122070312
2023-08-23,-0.0004777940150991755,1.0396290665810142,-0.02481943695144373,0.015312201810437687,0.45495010769405725,-0.009586904711487598,83.68000030517578
2023-08-24,-0.031309784142292574,1.0489484735392733,-0.0538912296413272,-0.01528221920087236,0.3664874398826879,-0.03545934465099465,81.05999755859375
2023-08-25,0.013940351799242023,0.9693640984537195,-0.039418410580472796,-0.003177581920174588,0.3910424064956879,-0.029863063536861856,82.19000244140625
2023-08-28,-0.009733581068185782,1.0306584322607686,-0.04689970938658394,-0.0123531791961351,0.45720054673400184,-0.010335584827338096,81.38999938964844
2023-08-29,0.0084777300231067,0.9740549624139054,-0.03739362485723541,1.8590142536467624e-08,0.4566532537170175,-0.010368948457158744,82.08000183105469
2023-08-30,0.0028020921346036953,0.9724899332236578,-0.033404017976510825,0.006160890451048839,0.4593779102823792,-0.0097450091581186,82.30999755859375
2023-08-31,-0.0098408162145448,1.0322386675966844,-0.041630287006724,-0.004811100238919175,0.40669881959897913,-0.02336725008452223,81.5
2023-09-01,0.007730027649300197,0.970070940915051,-0.03315334943802417,0.0030287248635616493,0.45227039551881576,-0.01238583890491951,82.12999725341797
2023-09-05,-0.023499334831591723,1.0408490809120567,-0.05413377775298833,-0.01768656352811071,0.3935484903039081,-0.03186865652287474,80.19999694824219
2023-09-06,0.006359129122655682,0.952479155346602,-0.04626856958584613,-0.008111086387175837,0.4630584395154947,-0.010543099344968221,80.70999908447266
2023-09-07,-0.009664214944179461,1.0313987440796049,-0.05334904132579521,-0.0119168100027216,0.4343273259334627,-0.019985253827980554,79.93000030517578
2023-09-08,0.00037531313877559036,0.9700411803857503,-0.05071989358225415,-0.007768092001869231,0.4370969190804863,-0.01913637908284227,79.95999908447266
2023-09-11,0.018009035241295823,0.9650424265195284,-0.03182832570075511,0.011934387661793222,0.49236367389267033,-0.002573202829335819,81.4000015258789
2023-09-12,-0.005159682568455337,1.0253111616702355,-0.035179909918100716,0.004764537723311646,0.38640146413458604,-0.03272811543022236,80.9800033569336
2023-09-13,0.004198522151104722,0.9738874987206662,-0.02960296030240317,0.007458050192640231,0.40453072436035925,-0.02820268405526749,81.31999969482422
2023-09-14,0.007870135170317427,0.9548855461185288,-0.020750516549209563,0.01030519364793947,0.5433526861282431,0.011102905909025518,81.95999908447266
2023-09-15,-0.002318233815625348,1.0723171654676145,-0.02080362115359724,0.003485219323792199,0.47775391794678657,-0.005110181115267287,81.7699966430664
2023-09-18,0.012596385605682325,0.9566439037740985,-0.006637376227482394,0.012645875803094508,0.5729060976783598,0.01732404070135307,82.80000305175781
2023-09-19,-0.0020532100492022254,1.0361932379167995,-0.006850992273484291,0.006504557024316071,0.5300543896527083,0.006700723807186781,82.62999725341797
2023-09-20,-0.013917389988014395,1.0438543116416388,-0.01846694566746032,-0.00789008038621708,0.45878876728830703,-0.01008375927929428,81.4800033569336
2023-09-21,-0.012518461345573106,1.0403997423984543,-0.02784407293712987,-0.016718003562323447,0.44941632941745746,-0.012760747429783392,80.45999908447266
2023-09-22,-0.00236145219448447,1.0350113022140182,-0.02771977546189608,-0.015430321322083995,0.40548788524907936,-0.02264703120118705,80.2699966430664
2023-09-25,-0.003737329449473581,1.0253620552362428,-0.028918702571388732,-0.012252640707966167,0.48599296349230836,-0.002867777260484039,79.97000122070312
2023-09-26,-0.012754836274741388,1.033635381270424,-0.038733766806956504,-0.01590509948368779,0.39908254874014504,-0.02180649431538728,78.94999694824219
2023-09-27,-0.009246304696093,1.046721037881412,-0.04487159966671195,-0.017015580709165645,0.40138420179603046,-0.02139370796877038,78.22000122070312
2023-09-28,0.006008708941041663,0.9677858963343754,-0.03714259679215248,-0.006690195095426121,0.43029662489625786,-0.015882899669930395,78.69000244140625
2023-09-29,-0.004193694507766854,1.039221756984013,-0.03937919073908902,-0.006063064448225575,0.3100001239775429,-0.0373464478936264,78.36000061035156
2023-10-02,-0.007529402280367248,1.0270228878853158,-0.04477652361202411,-0.008010445841857283,0.3035494835926265,-0.039639498404544615,77.7699966430664
2023-10-03,-0.015815813046569316,1.033441017175437,-0.05751682385967993,-0.017660037016996477,0.23620353107415995,-0.05878011309930076,76.54000091552734
2023-10-04,-0.0035276230628599192,1.0401062134052996,-0.05911238070640057,-0.016201052763159418,0.17261272429408492,-0.06942413988489449,76.2699966430664
2023-10-05,-0.0015732938569417154,1.0392121904126062,-0.05862134849176426,-0.011270063491049531,0.17401459673122432,-0.06872930595459481,76.1500015258789
2023-10-06,-0.0003939432527348963,1.0352613942486695,-0.05695202870360139,-0.005876935484336987,0.06167992799135732,-0.08067632921462753,76.12000274658203
2023-10-09,-0.01300585204207072,1.039417256250699,-0.06681243593683361,-0.011993405824052727,0.055687332316080924,-0.09076606861063119,75.12999725341797
2023-10-10,0.01397581645339474,0.9693756351302826,-0.05171500747460478,0.0027642570908930075,0.18225445550532313,-0.06504667198576897,76.18000030517578
2023-10-11,-0.04318720008332444,1.044398052748558,-0.08985056979676154,-0.0319281861329882,0.14326136588347382,-0.09408401418047108,72.88999938964844
2023-10-12,-0.021950864144859916,1.050274989589167,-0.10696332809761955,-0.04079544686045922,0.12645621731960802,-0.11187238199934246,71.29000091552734
2023-10-13,0.009398206765899753,0.9627709924742606,-0.09585212281388145,-0.02081916339478551,0.17675554485484157,-0.10016258614432516,71.95999908447266
2023-10-16,-0.00291827525214583,1.0429994579920143,-0.09571551651248489,-0.014612573678917773,0.18911935191004958,-0.09119692497217369,71.75
2023-10-17,0.01477348513719523,0.9639803354162204,-0.07980463911437607,0.009287471231133049,0.2728798489239418,-0.06916394244030599,72.80999755859375
2023-10-18,-0.0015107899195166974,1.0371974794584526,-0.07798453599834576,0.00829377903507278,0.2406924714079433,-0.07612155683467303,72.69999694824219
2023-10-19,-0.004814284577897121,1.031994625498469,-0.07911527747596292,0.0004978297677513677,0.24027647818698683,-0.07669732120237538,72.3499984741211
2023-10-20,0.004837574035972958,0.9630552998290286,-0.07219228234915986,0.003284465913413692,0.2762576218229077,-0.06519223239899974,72.69999694824219
2023-10-23,-0.004264065634204228,1.0325797927002045,-0.07325082472667133,-0.0027551795014022495,0.3006722811018874,-0.05422003496523364,72.38999938964844
2023-10-24,-0.005940051233613741,1.0580727603580826,-0.07596692701141328,-0.006351824027936992,0.29612105988754395,-0.05650973840688589,71.95999908447266
2023-10-25,-0.0077820673390556205,1.0311971309023704,-0.08000358156570697,-0.01053211707644397,0.2842869041827952,-0.06237688647170614,71.4000015258789
2023-10-26,-0.01442575290315018,1.0320017772459014,-0.08977431092190069,-0.019424742120957683,0.2606160437156248,-0.07553862050088,70.37000274658203
2023-10-27,-0.013357999214401173,1.0393180127258828,-0.09841413237461627,-0.023625373235212965,0.2617056429491841,-0.0758684567632254,69.43000030517578
2023-10-30,0.007777630896641297,0.9662302340075797,-0.0878009313242889,-0.009288360473320045,0.2288207477080144,-0.08151744630605806,69.97000122070312
2023-10-31,0.008432132736851505,0.9578700230243676,-0.07720981719825448,0.0030420618821913603,0.36685680604214227,-0.03196600151687734,70.55999755859375
2023-11-01,0.004109990441631295,0.9780281126466072,-0.07042042618973354,0.008741933090613996,0.47042989251149026,-0.00617200779570215,70.8499984741211
2023-11-02,0.01750173451623227,0.9735681862878756,-0.05171255753084991,0.021394128431703408,0.5081146982764778,0.0018065210543620758,72.08999633789062
2023-11-03,0.006519645506710692,0.9777051528661465,-0.04320166151963911,0.019015242567629542,0.5489721060847038,0.011289164579703748,72.55999755859375
2023-11-06,0.01185226900892733,0.9740462495701061,-0.029307860335661795,0.021197293309416887,0.5377943748522808,0.00837797872278001,73.41999816894531
2023-11-07,-0.012802980597312441,1.0254604099047633,-0.0390358024445,0.0027670805342350224,0.48764079040649316,-0.003026046775011726,72.4800033569336
2023-11-08,-0.010623678763768685,1.0297193545369545,-0.04620664482225134,-0.010241260809169095,0.46566523956482947,-0.008845879794694977,71.70999908447266
2023-11-09,-0.022591030083178643,1.0354889724447598,-0.06405967740270102,-0.027230369641269347,0.3767704668124825,-0.03590097276358506,70.08999633789062
2023-11-10,0.008417805651477872,0.9688720456760255,-0.052673893431141816,-0.01389585290949591,0.42134320826136173,-0.023622034796110025,70.68000030517578
2023-11-13,0.019807604977845283,0.9640688906677573,-0.030426913743891837,0.009410733338366173,0.5050676818569321,0.0016676312966759088,72.08000183105469
2023-11-14,0.007075395309108057,0.9714342534965821,-0.02025891250688161,0.016239641305019203,0.550466273096065,0.016666593649587114,72.58999633789062
2023-11-15,0.01969968834988567,0.9619347209833841,0.001562792516786704,0.029599933269857548,0.6497125990757107,0.051868605286670366,74.0199966430664
2023-11-16,0.01161849026417272,0.9573007441201578,0.015115543504551576,0.027865460834813893,0.7250205067530533,0.07849628293658384,74.87999725341797
2023-11-17,-0.0016024989528431455,1.030870608741431,0.015384966981649928,0.014850858104423992,0.7048760924429803,0.06845792242333215,74.76000213623047
2023-11-20,0.005350475046135061,0.9585417974673013,0.022487712440793173,0.01181988186835281,0.7000002653702445,0.0651928325209441,75.16000366210938
2023-11-21,0.0460351106424568,0.9463964130249338,0.0696780997804971,0.041490067799411445,0.7648263545427407,0.1096683760028454,78.62000274658203
2023-11-22,-0.0031798523437582826,1.0316514445745237,0.06622228079298953,0.026349576895238647,0.7295323928580392,0.08711342388278953,78.37000274658203
2023-11-24,0.007655971074305823,0.9830833137473304,0.07428293899801663,0.023245551208809667,0.7320783778169653,0.0883407370146776,78.97000122070312
2023-11-27,0.0003798756342048293,0.9623044056066538,0.07445716792194434,0.012508944668899069,0.7149462121630692,0.07600111645623664,79.0
2023-11-28,-0.004683579070658639,1.026854373273736,0.06911223754418327,-0.0011179595410454324,0.7477837260943658,0.08485090523793493,78.62999725341797
2023-11-29,0.002925134998953638,0.9775917494887612,0.07139462130014396,0.0011934114174083632,0.8011794385615348,0.09970717636541004,78.86000061035156
2023-11-30,0.005199036641410082,0.9665387967675637,0.07586858218729575,0.004104039483513677,0.9305817880702277,0.13097447260406092,79.2699966430664
2023-12-01,0.009082897075738616,0.9716059354277033,0.08422791232045257,0.01061275307444376,0.9314181349194564,0.13172039499711197,79.98999786376953
2023-12-04,-0.0028753060842777733,1.0355574296259205,0.0797785580278969,0.005775431151904931,0.8991689342070931,0.1065482812164269,79.76000213623047
2023-12-05,-0.011785386361960248,1.0266597031737372,0.06572200544837759,-0.006554067290452603,0.8099505569460544,0.08582454430682551,78.81999969482422
2023-12-06,0.0027911852519022506,0.9713338829881825,0.0676644696541353,-0.004232999111589253,0.7839370108641242,0.06781956903710795,79.04000091552734
2023-12-07,0.006452456102265636,0.9708684648219098,0.07214220846604413,0.0014855765717578517,0.7750298570903513,0.062366532714137835,79.55000305175781
2023-12-08,-0.0025141994967189385,1.035662204200676,0.0665501633071659,0.0005800163816866988,0.7677941899138956,0.061396417960590144,79.3499984741211
2023-12-11,0.004662920651506974,0.9691080344270319,0.06873659508270191,0.005347060958011296,0.7669785126447707,0.060670534012927435,79.72000122070312
2023-12-12,0.0045158129056583896,0.9700340009018323,0.0705739524196567,0.006687795105778216,0.6341908439020354,0.01857032604258113,80.08000183105469
2023-12-13,0.022727268396720124,0.9629960482242247,0.0915888589836018,0.022216678458010675,0.7517827290774214,0.045042728793968756,81.9000015258789
2023-12-14,0.01868130342846719,0.9409987176549175,0.10801963570161588,0.03132416451689135,0.7808560092936285,0.05647713075257488,83.43000030517578
2023-12-15,-0.00982859513154466,1.0802402687154535,0.09340463970754054,0.013022998692932442,0.7067580794574659,0.04569621025761461,82.61000061035156
2023-12-18,0.005447245429336167,0.9613436429743186,0.09560488676749035,0.010265607529233112,0.7514187114904156,0.05633982525648906,83.05999755859375
2023-12-19,-0.01191906926160391,1.0315644973779932,0.07910168829846986,-0.00658484330189224,0.6677115562610066,0.04070503499401812,82.06999969482422
2023-12-20,-0.017789680637280814,1.0438801156738278,0.05689965189388535,-0.02120063080630119,0.5630886827085062,0.016904302056664156,80.61000061035156
2023-12-21,0.016747282767638705,0.9569044856843496,0.07089308662718863,-0.0012429678517830167,0.5875556098090278,0.02462809442823377,81.95999908447266
2023-12-22,-0.0004880541236477187,1.0207368544019815,0.06634729730872824,-4.8836171816390994e-05,0.5976489610990737,0.027081193265586334,81.91999816894531
2023-12-26,0.004638731583328504,0.9824785592427854,0.06682571699073447,0.006457013756533847,0.6657143251587457,0.044151273412934344,82.30000305175781
2023-12-27,0.0014580208109109538,0.9756060169853148,0.06408797806151112,0.007062368384740614,0.662499844110952,0.04276312265014126,82.41999816894531
2023-12-28,0.003761286033431288,0.9796031491698352,0.06391123308444335,0.00564027652562582,0.6558822979426825,0.03997486088223989,82.7300033569336
2023-12-29,-0.004230703364117461,1.0242943283551926,0.055497509757595376,0.0003642653724100775,0.6463766663030114,0.0381852405489973,82.37999725341797
2024-01-02,0.005583868655125057,0.9665471584691031,0.05774904602856168,0.0037075230263805548,0.6494250185619325,0.03913691757918891,82.83999633789062
2024-01-03,0.004345734262024559,0.9605617774693223,0.05874976030791501,0.005875650367294538,0.6494250185619325,0.03896097709600177,83.19999694824219
2024-01-04,0.008774079131129264,0.9626653810063612,0.06448013092143978,0.01100994359655516,0.6085560135909212,0.024786309419730923,83.93000030517578
2024-01-05,0.00762539482093838,0.964768722307417,0.06850119731608251,0.014223371556005393,0.5673757969825136,0.013664142220765507,84.56999969482422
2024-01-08,0.02364904821115199,0.9437481275235977,0.08866036270929234,0.027878715036085522,0.7053939938347572,0.04793607378301412,86.56999969482422
2024-01-09,0.0010396669470074116,0.9452737298447281,0.0841444647530043,0.01969740427684541,0.6939655526780943,0.04334223704950202,86.66000366210938
2024-01-10,0.004846505321911776,0.9600784196799412,0.08383951226191644,0.015368120817041309,0.7876001082653974,0.06104547526331272,87.08000183105469
2024-01-11,0.00011477384733327156,0.9574274651497114,0.0789247475470547,0.008056069770854268,0.9462800971853247,0.08038699514296899,87.08999633789062
2024-01-12,0.003789204787359779,0.9479527712162868,0.07806139117116895,0.0052435287049872326,0.9374990065913429,0.06661785194562131,87.41999816894531
2024-01-16,-0.01006631516643719,1.0496553842927352,0.06310579269227978,-0.004806909849559005,0.8262709444380387,0.05639651916317323,86.54000091552734
2024-01-17,-0.005662096817491635,1.060956800942219,0.05347248425100681,-0.009051510994574574,0.760778770978175,0.04556500438574296,86.05000305175781
2024-01-18,0.002789051194166392,0.9405003403001249,0.052695795716422245,-0.004476325745273013,0.7647058823529411,0.04695465703177115,86.29000091552734
2024-01-19,0.002317730283001973,0.9576783236435811,0.05150218468650847,-0.0007856272001672826,0.7611108403145854,0.04544898288730481,86.48999786376953
2024-01-22,-0.00023120179859292822,1.0551661210303813,0.04875683712193002,0.0011809978963159828,0.7976718643631111,0.049648022622572396,86.47000122070312
2024-01-23,-0.0015034680348932072,1.0439786307813044,0.04465553535286171,0.0001389637195106097,0.767584372557483,0.04225012258238259,86.33999633789062
2024-01-24,-0.018762974124386878,1.0502418354519951,0.023274931270149235,-0.015593389633399068,0.5974363237998357,0.01826928279103801,84.72000122070312
2024-01-25,0.012629835687050672,0.9559457887002193,0.03407856004696597,-0.0020008677923778473,0.6142508744765326,0.022161332105188336,85.79000091552734
2024-01-26,0.00874227756144319,0.9437447968663454,0.04063829538259123,0.006606811434543003,0.6193942342015755,0.02329432692221811,86.54000091552734
2024-01-29,0.010399832636440731,0.9372258733394251,0.04875565147113936,0.01478543822134859,0.5608394697613969,0.01004970254879245,87.44000244140625
2024-01-30,-0.00537512817452257,1.0539985919361627,0.04071560237655403,0.007857041989749458,0.5205842122860878,0.003577169922614365,86.97000122070312
2024-01-31,0.0065539805314907,0.9078736011470105,0.04517574170495808,0.00787509928727137,0.5299479153731605,0.005282488226919346,87.54000091552734
2024-02-01,0.006282789771661079,0.957677555878852,0.04913381595632793,0.008864308585293301,0.5608273544890061,0.011482375037888515,88.08999633789062
2024-02-02,-0.005221921938879603,1.0516799909977648,0.04092483816013259,0.0010966895152799694,0.5125748207545533,0.002402185871324569,87.62999725341797
2024-02-05,-0.010042191954806268,1.0397197034397025,0.028117685866724695,-0.007391632933130943,0.5125748207545533,0.0024266129217820342,86.75
2024-02-06,0.01141207912126263,0.9563368659766037,0.03733345989120074,0.0021701815300956273,0.595480113966991,0.019639683347776327,87.73999786376953
2024-02-07,-0.006610374011641662,1.046370780372465,0.028103019095023996,-0.003589585074806001,0.5473343135065489,0.01008231240411872,87.16000366210938
2024-02-08,-0.011243727808143977,1.0555160814421598,0.014610489493668277,-0.01047167953010808,0.48445346062783046,-0.003584201251594754,86.18000030517578
2024-02-09,-0.013808336472409866,1.0783295645080289,-0.0008435280975096493,-0.018183102401750362,0.43357251114789597,-0.017115801272583386,84.98999786376953
2024-02-12,0.0009413087782743634,0.951600621964412,-0.0008339119737130751,-0.013429514597866343,0.4427413013462558,-0.014709250601497414,85.06999969482422
2024-02-13,-0.01739747692774052,1.06542369077522,-0.0182630026719951,-0.021171493991764656,0.4484015891441001,-0.013338112211173536,83.58999633789062
2024-02-14,0.0010767313222665997,0.9600220043036399,-0.017514602993336403,-0.01206581437802301,0.3941825299895622,-0.02459494798734374,83.68000030517578
2024-02-15,0.012428309174647767,0.9589192537463321,-0.0057884021478482595,0.0036725759932805246,0.41130607622403054,-0.021030733482436004,84.72000122070312
2024-02-16,-0.003541112457922213,1.095465906290703,-0.009991574892662114,0.0014709953579583601,0.34368513832418757,-0.0345380167902517,84.41999816894531
2024-02-20,0.016939117936416004,0.9054320686142505,0.005233993988074115,0.016553777186335772,0.44726918752716444,-0.01287803530943743,85.8499984741211
2024-02-21,0.0005824467402044675,0.9389818658044687,0.004660757750710509,0.01161176705399325,0.41881196046616326,-0.018734285726487165,85.9000015258789
2024-02-22,-0.009778858583979089,1.092839081068005,-0.006076211451273239,-0.001526022209016209,0.3541869823180403,-0.03439662737269933,85.05999755859375
2024-02-23,0.007171415798964187,0.9592942972933479,6.710568376577797e-05,0.0033965728952289886,0.4070210589786037,-0.022366759624612542,85.66999816894531
2024-02-26,-0.02334539561978166,1.0538476930786953,-0.023636030493460303,-0.018303421714121915,0.3679246641043459,-0.03550434387382928,83.66999816894531
2024-02-27,0.002031769722308896,0.9611165042315801,-0.02196898869253472,-0.011647121626750856,0.32011094978051446,-0.04444952838880034,83.83999633789062
2024-02-28,-0.0057251401300709714,1.042317368248225,-0.027846199140862726,-0.011385170534162992,0.32309144742263357,-0.04359801390657547,83.36000061035156
2024-02-29,0.0,1.0,-0.027993563795480125,-0.007382688472938659,0.35553305999929646,-0.03272220567229278,83.36000061035156
2024-03-01,0.0028790530471725084,0.9635730604912932,-0.02530875850661818,0.0004068596589628104,0.4211125217147321,-0.016354858507897196,83.5999984741211
2024-03-04,0.01746410420000921,0.9507978841229477,-0.008613177782155312,0.014503111241367606,0.49950921853065045,-0.00011757536459799933,85.05999755859375
2024-03-05,-0.005407936723202722,1.047281656540053,-0.01398315376308612,0.007190810690482552,0.5550709649721989,0.012082811107537283,84.5999984741211
2024-03-06,0.011229368732522227,0.946179849566255,-0.002614381334812621,0.013217464798649159,0.5932204163379995,0.022347069069816428,85.55000305175781
2024-03-07,-0.004675645956866981,1.0580965699362288,-0.006840704630224903,0.004222116588327607,0.5228966977502647,0.005075546494098804,85.1500015258789
2024-03-08,-0.00023492979568362493,1.058316127592971,-0.006509124479988415,0.00037600978665430773,0.5389680813555688,0.008410318643359505,85.12999725341797
2024-03-11,0.004346326307054671,0.9534819659685182,-0.001727998009202647,0.0036860509795020313,0.47826099318473253,-0.004076860574745322,85.5
2024-03-12,0.002806992558707977,0.9598161241082996,0.0015652909764003464,0.0038166802285062307,0.49029104639298393,-0.0018626735653918258,85.73999786376953
2024-03-13,-0.007697644613468446,1.0542181444771035,-0.0057204700192797775,-0.002812914493998675,0.5012409602059748,0.00023517838037978578,85.08000183105469
2024-03-14,-0.008110042625250613,1.0682117112686293,-0.01330558546337357,-0.009134884987557212,0.4213759904623188,-0.014941038947761554,84.38999938964844
2024-03-15,-0.009716787543013083,1.139198730067669,-0.022115607101909407,-0.015155087026670233,0.4928162006267943,-0.0011951532963964118,83.56999969482422
2024-03-18,0.0010769889627118001,0.9657803815532522,-0.02025133089553166,-0.009800170691537602,0.48691914621812954,-0.002146859299180348,83.66000366210938
2024-03-19,0.0053788779410011145,0.9636850322783254,-0.01430030957454087,-0.0006178611083982322,0.5547444767687928,0.008997120855429364,84.11000061035156
2024-03-20,-0.0008322398563340716,1.0322165364437224,-0.014456538562985899,0.0010243712051818399,0.5491329288581607,0.008157393236527088,84.04000091552734
2024-03-21,-0.00749639750779163,1.0464163202456556,-0.021468748403596805,-0.004154803598157897,0.4870044680458014,-0.0022726652569321493,83.41000366210938
2024-03-22,-0.00395638192741854,1.0368682121339987,-0.024564901925355653,-0.006932826803319081,0.33980637658544294,-0.023277636778382682,83.08000183105469
2024-03-25,0.0019258068029439634,0.9623839359855062,-0.021738832939096397,-0.004020330105136138,0.3843537856297619,-0.016075657622707684,83.23999786376953
2024-03-26,0.0055261784752265175,0.965724134439376,-0.015250703866824367,0.002467203673308438,0.328385314192374,-0.021624851402943457,83.69999694824219
2024-03-27,0.03847074478024526,0.9393032511500491,0.022648375505471385,0.033900303133896026,0.6077951790770569,0.020786806944782743,86.91999816894531
2024-03-28,0.002646150043474904,0.9404169047920389,0.025472090966067285,0.027494190837300092,0.6199527738563607,0.023728466317785912,87.1500015258789
2024-04-01,-0.001491737011317107,1.0395162058825005,0.02426475429258579,0.016517515621828682,0.5929093267945631,0.017777738515396546,87.0199966430664
2024-04-02,-0.020914729545318034,1.0483062030433423,0.0035601347574609754,-0.009279298550622594,0.4723360247267371,-0.0062981214016979425,85.19999694824219
2024-04-03,-0.002347382105702178,1.0451612754758028,0.0017206081207588042,-0.014584139173291266,0.4956988276987949,-0.000940312991689285,85.0
2024-04-04,-0.012705903894761006,1.0498864964958132,-0.009892829187771901,-0.02028999644547047,0.4757481371369543,-0.005569394763626168,83.91999816894531
2024-04-05,0.007626303665545953,0.965495594498086,-0.0015762935382531706,-0.006812312893216599,0.5520503491790982,0.01184633082906239,84.55999755859375
2024-04-08,-0.01951270037988173,1.0631752642409165,-0.020112405275842127,-0.016698636325567562,0.4661246369659937,-0.008964857365165058,82.91000366210938
2024-04-09,0.010734523583855182,0.9613103973837817,-0.009245425032085808,-0.0028320216466434234,0.48653354880362293,-0.003685620691287861,83.80000305175781
2024-04-10,-0.01754178003782647,1.0461146753114268,-0.02583608322490627,-0.014059194905921002,0.43377228466455775,-0.020347442477915423,82.33000183105469
2024-04-11,-0.0019434429557977362,1.0354935658938877,-0.02732074062827694,-0.011833497792472225,0.4501605606990585,-0.014866388187528168,82.16999816894531
2024-04-12,-0.02482659073854432,1.0429194401317399,-0.050471504097042263,-0.025988276357982287,0.3957595668014077,-0.03550799846677455,80.12999725341797
2024-04-15,0.0012480482583738794,0.9529679858481308,-0.048020175415511956,-0.01837710275080129,0.3931869400467618,-0.03616043469585484,80.2300033569336
2024-04-16,-0.012214923543922507,1.0505001319340213,-0.058204167395532025,-0.01945015119269533,0.34770731982428915,-0.053166034772903825,79.25
2024-04-17,-0.0021450873053036057,1.0353291440225902,-0.05833038188306949,-0.01362069412454403,0.16090018835871844,-0.09019784287905896,79.08000183105469
2024-04-18,0.0013910041452271926,0.9633020640168921,-0.055133111033888293,-0.0048506902887710535,0.15209824837525374,-0.09133676356975118,79.19000244140625
2024-04-19,0.003662089993518025,0.9575621989600481,-0.05009183688340113,0.00042797823336071517,0.1750004603942554,-0.08664667406343307,79.4800033569336
2024-04-22,0.013714095267404636,0.9674502498983353,-0.03559512596903758,0.013280657626661752,0.2870286990095828,-0.05434269271430403,80.56999969482422
2024-04-23,0.00893634384299724,0.9640934132613421,-0.026283390595621015,0.017116679254406852,0.3371379807637561,-0.04364704805261943,81.29000091552734
2024-04-24,-0.01119453379087798,1.0353641830844875,-0.03618506296419177,0.002469338744200744,0.3422460729388581,-0.042183043288450905,80.37999725341797
2024-04-25,-0.014058189749066141,1.0381988710342378,-0.04856233954725897,-0.011771457232046423,0.2732709430343212,-0.06279562100169556,79.25
2024-04-26,0.006182938344095001,0.9671266196595232,-0.04163839868687613,-0.006305626288243493,0.3497629104772814,-0.038234298134382616,79.73999786376953
2024-04-29,0.014045683177662971,0.9592122913077271,-0.027376821701942,0.006923705997045726,0.36363642797591994,-0.03508356007565305,80.86000061035156
2024-04-30,-0.007667607493224038,1.0457484259698058,-0.033433541960228186,0.0018228475022377122,0.39476330858585973,-0.025385690766459024,80.23999786376953
2024-05-01,0.008100717138383562,0.9638131807661806,-0.02451378782855107,0.008653801330929634,0.43857979223472143,-0.015577446851892773,80.88999938964844
2024-05-02,0.000370858938351315,0.9556494524662632,-0.022787950308941762,0.00484290817782429,0.5469678867331267,0.009858990922324562,80.91999816894531
2024-05-03,0.009515623948153307,0.9634862062906343,-0.012457583683118445,0.009515604912085696,0.5803963415915001,0.018197669492512558,81.69000244140625
2024-05-06,0.0008568942677462665,0.9720654301624355,-0.010603675469263774,0.008138127450437516,0.6536107928308021,0.03167195124581035,81.76000213623047
2024-05-07,0.0017123212572227597,0.9613846703465506,-0.007828927728568913,0.005747136128889219,0.6732185051085969,0.035660086362274246,81.9000015258789
2024-05-08,-0.004273485562884871,1.0339532122848245,-0.010813694892465642,-0.00017162489375877055,0.6408114102171918,0.029801749432925684,81.55000305175781
2024-05-09,0.01483751121020438,0.9563876354039035,0.004570112279625338,0.010105939744024628,0.6763439625257389,0.041268226481657955,82.76000213623047
2024-05-10,0.0009665804687688517,0.9653181044477884,0.0060143011300999305,0.008251932666327289,0.6369117245098643,0.028174216850744616,82.83999633789062
2024-05-13,0.008208598928495459,0.9578272354555157,0.014287666953374467,0.012191830535978054,0.6351512562144886,0.027432595675037197,83.5199966430664
2024-05-14,0.009339157567556766,0.9639486848833848,0.023561373330476254,0.015736111089661442,0.7413795857390504,0.04876842413891924,84.30000305175781
2024-05-15,0.004982184504636944,0.9425475694905747,0.028470509221141027,0.013057843597448437,0.8690957164214141,0.0690220974221214,84.72000122070312
2024-05-16,0.010859279458089732,0.9460971637092607,0.039134369595065,0.017053822532004048,0.8762754171106603,0.07399049014220771,85.63999938964844
2024-05-17,0.003269486002947408,0.9147864358521253,0.04173863427825153,0.012968621528870683,0.8614283970424107,0.0625772634231958,85.91999816894531
2024-05-20,-0.016410568700692463,1.0623512047818047,0.02419917004222416,-0.005975189400897585,0.7740698300768816,0.05321540860096352,84.51000213623047
2024-05-21,0.007809679517590373,0.9560147554334808,0.031594607565955446,-0.00025825955484681806,0.7743593254822175,0.05291134641601425,85.16999816894531
2024-05-22,0.006927368556645996,0.9050344154058078,0.038093302813723584,0.004215481688881306,0.7894741645304041,0.05981221053886032,85.76000213623047
2024-05-23,-0.051072816857616554,1.1318080027561768,-0.013270802846839236,-0.03746986723925816,0.4870507370942381,-0.003794897523851093,81.37999725341797
2024-05-24,0.01118215400371203,0.9050674952138571,-0.0007649891696074329,-0.018276815207366903,0.5206869196060587,0.006482372375844259,82.29000091552734
2024-05-28,-0.003524133093947057,1.0898356796233124,-0.002766716149289805,-0.015842531200899845,0.5038579660951097,0.001220982567253115,82.0
2024-05-29,-0.006219538246713063,1.0871862979576992,-0.00784993331481576,-0.013247139577530542,0.4977132173999006,-0.0007358085314871365,81.48999786376953
2024-05-30,-0.010921578267019783,1.0899378050820394,-0.017369777546687226,-0.011673538847251086,0.4156248770654495,-0.026099608583308287,80.5999984741211
2024-05-31,0.009553403064991084,0.8939106025219252,-0.007210716113426385,-0.002207201145529969,0.4455154869771622,-0.017744974122315682,81.37000274658203
2024-06-03,0.009217155888955775,0.9359974445176267,0.0026862315517410806,0.00740961746967006,0.4483778549718737,-0.016762379702521146,82.12000274658203
2024-06-04,0.01400382194376193,0.9296189248076837,0.016615957143292892,0.018344098738416914,0.46302920365663236,-0.012218343670272636,83.2699966430664
2024-06-05,-0.011528751329097031,1.0844043872152758,0.005352853573566518,0.0045890341797696355,0.41672413756740967,-0.028446690597077606,82.30999755859375
2024-06-06,0.00036446094261544104,0.918765459054664,0.005716196098149329,0.0007048580723236775,0.37849769488942997,-0.03853343151887845,82.33999633789062
2024-06-07,0.021010486202043932,0.9155161342591204,0.0262513775858364,0.01506847359138952,0.4384564974951942,-0.02153164005524566,84.06999969482422
2024-06-10,-0.011062213733218806,1.06511085823361,0.013967349939362883,0.0013730815370265326,0.45292090237580745,-0.016211131368492726,83.13999938964844
2024-06-11,-0.014313236109482319,1.0657327732106086,-0.0010696650575570121,-0.009811278815871294,0.39323615478951396,-0.037806754607600856,81.94999694824219
2024-06-12,0.0034167958403739096,0.9359111619285206,0.0014340541200119628,-0.006235900151097873,0.38050121491619554,-0.04116136533776482,82.2300033569336
2024-06-13,-0.0069317727295964415,1.0732321923505037,-0.006288230312213705,-0.011499781397207087,0.5127739982778196,0.0034407276743873005,81.66000366210938
2024-06-14,-0.007592489820934412,1.0424170229206,-0.014387690054545654,-0.011755523253985656,0.44142462854119296,-0.015190180897958094,81.04000091552734
2024-06-17,-0.013450196877728637,1.0599544666375464,-0.027783301481275835,-0.01740288832676573,0.4106364382552059,-0.025000037216558635,79.94999694824219
2024-06-18,-0.00250152540182913,1.0729690241450576,-0.029973511983402146,-0.014531806370898015,0.42204318533735763,-0.02135228751236884,79.75
2024-06-20,0.005266434720317292,0.930753854524611,-0.024532711622404224,-0.004272570860723746,0.47988775022998786,-0.0053349914803515475,80.16999816894531
2024-06-21,0.018336051568884182,0.8843761983360843,-0.007027076248494524,0.014035527487587851,0.5118523475277494,0.0033181348648503306,81.63999938964844
2024-06-24,-0.0073493199241396745,1.0801068452605385,-0.014860949965929682,0.006583055981637775,0.4519572374003055,-0.013151507488224468,81.04000091552734
2024-06-25,-0.0077739048161493685,1.0581133664451816,-0.022718319541733978,-0.002382034740068595,0.3666049151194975,-0.03434602013035115,80.41000366210938
2024-06-26,-0.004477062479244731,1.0591527718067597,-0.02685416748430225,-0.007587190721373149,0.3883403068340307,-0.027457108174825606,80.05000305175781
2024-06-27,-0.008994393419792801,1.0783071605380503,-0.035340233526478415,-0.014460704069484964,0.3607774774329694,-0.03655567938677229,79.33000183105469
2024-06-28,-0.007815488872701892,1.0804956187425923,-0.042244793008504145,-0.014992273600767825,0.2237116564417178,-0.06375640097309943,78.70999908447266
2024-07-01,-0.02020069059058449,1.059415568954325,-0.060506079985908734,-0.025327325161191627,0.20945985255249439,-0.07240794668343409,77.12000274658203
2024-07-02,0.0032417011293619513,0.9439166549034483,-0.05621880633008358,-0.014595739949709197,0.25690066971788267,-0.055887667751260306,77.37000274658203
2024-07-03,-0.002585040332644395,1.0237134271098676,-0.05733902513091882,-0.009879429529601635,0.2291218930039136,-0.061534780267786804,77.16999816894531
2024-07-05,0.005701729322877158,0.9643365163876564,-0.05072057647891359,0.0001804208830831211,0.28013028776299026,-0.049595920525742465,77.61000061035156
2024-07-08,-0.009921456853567379,1.0474466484378107,-0.05878322376146283,-0.004946825821343981,0.2756409786157063,-0.05182631453835529,76.83999633789062
2024-07-09,0.0005205741467171343,0.9503711699366895,-0.0565945439287211,-0.003809596155957218,0.31528292549914666,-0.03839899702324778,76.87999725341797
2024-07-10,0.0023413151873881155,0.9427322699828783,-0.052706011824096066,-0.0006743493698042613,0.33775635291389194,-0.03373043813675547,77.05999755859375
2024-07-11,0.013106698264070182,0.9438678568948679,-0.03867998869408951,0.010065743168902186,0.38175700928155776,-0.026194318599031097,78.06999969482422
2024-07-12,-0.0015371172928284604,1.0540894816241557,-0.03827769447749352,0.007626672805949308,0.25498037435636606,-0.045198462383552185,77.94999694824219
2024-07-15,-0.011160938438075418,1.0407672708914362,-0.046765122651847624,-0.004237247207801942,0.2461542524524067,-0.04886474629486237,77.08000183105469
2024-07-16,0.013232960804827831,0.9406844238916975,-0.03189420620171579,0.0057693244100895935,0.3589742156591501,-0.02872783338868068,78.0999984741211
2024-07-17,0.04046099518371249,0.9088269739065227,0.008733029299421657,0.03526476998666239,0.5550499381110364,0.015115540766317048,81.26000213623047
2024-07-18,-0.0006153464243574547,1.0858513111277268,0.009145802371566703,0.026415563671762232,0.5910850062654094,0.023698439556596895,81.20999908447266
2024-07-19,-0.021302742852386536,1.087178409534388,-0.010602863251863659,0.0006799080868622465,0.5336834531029521,0.009782801186855039,79.4800033569336
2024-07-22,-0.002264724428450604,1.0509491923236227,-0.010854985332708456,-0.007136573935566326,0.608782321145352,0.028267637805191814,79.30000305175781
2024-07-23,0.001261014757538259,0.9587593314525372,-0.008995778490411777,-0.00911019953194192,0.6028367094850203,0.026237543068803326,79.4000015258789
2024-07-24,0.007178837328339904,0.9515413258245297,-0.0011584517474202416,0.0012269577665757758,0.6367188256699187,0.03628357027594942,79.97000122070312
2024-07-25,-0.018882107204964638,1.0572130057213005,-0.018934231274030044,-0.010867130752730492,0.537577280469501,0.010952177134859076,78.45999908447266
2024-07-26,0.003058856316211944,0.9610558100454506,-0.015074283166432445,-0.0058864085063421445,0.5862709100637246,0.02420615173083207,78.69999694824219
2024-07-29,0.016518463814080953,0.941968263866621,0.001383159916638732,0.008750917285918813,0.6295682105205794,0.04058276350215828,80.0
2024-07-30,0.01012496948242192,0.9382332474469166,0.011699427778216531,0.015354056040141062,0.6479873931312556,0.04866338072679843,80.80999755859375
2024-07-31,-0.00606357973732452,1.0759038463080415,0.006131739824051019,0.008310540670828148,0.5925926391062238,0.028820289596455106,80.31999969482422
2024-08-01,0.002116511075587857,0.9546041428342531,0.009139780026010902,0.0053207366497693975,0.6040984893160242,0.032585003399215884,80.48999786376953
2024-08-02,0.0126724350792915,0.9506419695980529,0.022184348726850267,0.0109642384785269,0.6793522612354431,0.057472758172548266,81.51000213623047
2024-08-05,-0.014476754683475646,1.0770224132019652,0.008021655060407529,-0.0044861694673733465,0.5891288159925743,0.028553180544203416,80.33000183105469
2024-08-06,0.005601854076744406,0.9474451719898207,0.014715748678284513,0.0011649941525246899,0.47551002137009973,-0.005907006452311903,80.77999877929688
2024-08-07,0.0038375533953733942,0.9436990091041698,0.019265953945887704,0.003092490724018848,0.49403564280746826,-0.0014776843730438527,81.08999633789062
2024-08-08,0.01381184852833317,0.9564196809667365,0.03325948067607687,0.012637951509062884,0.6444442650347562,0.03434820850823361,82.20999908447266
2024-08-09,-0.0020678527045188133,1.034488331501713,0.03118441533695404,0.00922624592828325,0.6451270852544897,0.0345523046446945,82.04000091552734
2024-08-12,-0.010360780895118382,1.048507506908942,0.02065127904459496,-0.0033389441941376052,0.587831296705732,0.022544091701861335,81.19000244140625
2024-08-13,0.013302058987368248,0.9619304805855521,0.033828404449297134,0.006237739289439492,0.6074765288929738,0.028760727613542203,82.2699966430664
2024-08-14,-0.006442187929049159,1.0599592573166445,0.026590992719907502,-0.0018317441323350003,0.6687244607219052,0.04180472619895803,81.73999786376953
2024-08-15,0.023366818106511866,0.932038159814885,0.0492942707771582,0.01791235671512781,0.7172962317194148,0.06289713811414921,83.6500015258789
2024-08-16,0.011356807303204652,0.9418823048551437,0.05973867959460932,0.02309830812154723,0.7083335348951959,0.05749998092651376,84.5999984741211
2024-08-19,0.002600487289257103,0.9139811609925781,0.061437479973382336,0.01683131382481684,0.6918663270304978,0.049622599398334355,84.81999969482422
2024-08-20,0.0066021876987572,0.8638224325712786,0.0669965558173391,0.015968946281265328,0.7404944316965413,0.06299797781149419,85.37999725341797
2024-08-21,0.025298708498411315,0.8457470398606411,0.09155863998306035,0.027488924088804545,0.7817748260363113,0.08758856055245579,87.54000091552734
2024-08-22,0.0033127817282887495,0.8550713674140961,0.09252506742855005,0.020875493466657957,0.7682514619239171,0.07753649281300956,87.83000183105469
2024-08-23,0.005920489949056806,0.9026122869172521,0.09591928309749487,0.018044787598407774,0.8606117656099166,0.09983812349380483,88.3499984741211
2024-08-26,0.011205408951529439,0.8674959401390488,0.10455839629679065,0.01883949223424053,0.8670671557510381,0.1059667948495635,89.33999633789062
2024-08-27,-0.0060442501485059585,1.1072016434486742,0.09393290383812869,0.004843196137874983,0.8242227503843577,0.0950796283396127,88.80000305175781
2024-08-28,-0.005292806357553581,1.12131121686937,0.08448234195108228,-0.00225910395833806,0.7722425363839193,0.0744435325962427,88.33000183105469
2024-08-29,-0.0015849585276382916,1.103921998519064,0.07911339638043113,-0.0046499851454048224,0.7743091168333543,0.07496345023461504,88.19000244140625
2024-08-30,0.0044222630553565345,0.851231540015214,0.08026039567085275,-0.0007670705118604237,0.8437213897298977,0.09102105145250738,88.58000183105469
2024-09-03,0.004289876332840059,0.8955518234904396,0.08090045836066273,0.004380587875451036,0.8328363466315233,0.0813176457321525,88.95999908447266
2024-09-04,0.023268881701073774,0.7799409144980681,0.10131810896730475,0.022602147519670268,0.9007769614442017,0.11365306041493128,91.02999877929688
2024-09-05,-0.018016032205214416,1.2208216605269544,0.07745852270363596,0.0017931086397562357,0.7535338231339466,0.06861922007250332,89.38999938964844
2024-09-06,0.005593466868933694,0.8163043001288051,0.07963979403418131,0.003572621367807338,0.7433305889941471,0.06252956277706723,89.88999938964844
2024-09-09,0.00812107422283126,0.7266966437095642,0.08428260172495428,0.007135109354768021,0.754833406856271,0.06838013525849762,90.62000274658203
2024-09-10,0.0040829298827345095,0.7550998207230257,0.08419842948494694,0.006704706944103078,0.7506705556850986,0.06570626365447652,90.98999786376953
2024-09-11,-0.007033733428663758,1.334568463271692,0.07265818064773133,0.0011302067840845975,0.6452948565008552,0.03209958338137664,90.3499984741211
2024-09-12,-0.003873807194599399,1.2097033969661772,0.06573829183734392,-0.004094275711781448,0.611510921112059,0.024706798630374838,90.0
2024-09-13,0.0,1.0,0.06297224890720776,-0.004336664944780466,0.5895767873814066,0.018675739155357363,90.0
2024-09-16,0.0012222290039063388,0.7993853380640648,0.06094144625852316,-0.0019935627479638063,0.5462188183486777,0.008618807969822617,90.11000061035156
2024-09-17,-0.016424407356663284,1.3131176016182111,0.04065820590521385,-0.01322676995532901,0.49083032039353536,-0.0019144796452400525,88.62999725341797
2024-09-18,-0.0056414308416411485,1.2615464134877616,0.03214243278304618,-0.013919056813081698,0.48924706042565475,-0.0022642881635988044,88.12999725341797
2024-09-19,0.015204856564694724,0.7473071905290737,0.04492953607261119,0.0022628708471388315,0.5609523228236608,0.014514103003311574,89.47000122070312
2024-09-20,-0.0014530555609562068,1.9180751834137684,0.04010707088527621,0.0022886129744079664,0.537109086872233,0.008579752665680118,89.33999633789062
2024-09-23,0.005820509220688219,0.8810691068147756,0.042773934504670263,0.008688257278610001,0.5433526223990817,0.010116923731353644,89.86000061035156
2024-09-24,-0.0011128252107932557,1.16343988713564,0.03867252772286811,0.0050161526666181455,0.42449495018220706,-0.013951407888574519,89.76000213623047
2024-09-25,-0.004122133887881074,1.0723606364301792,0.03182985259040105,-0.0019427509873942705,0.5,0.0,89.38999938964844
2024-09-26,0.0006711887124219995,0.8918649826275732,0.029809175412673472,-0.0012282507520652297,0.46716405673526273,-0.004894898702790695,89.44999694824219
2024-09-27,-0.0014532952247409137,1.100366941153227,0.025705804692401246,-0.002635223342696391,0.39344247942566973,-0.014345652310265966,89.31999969482422
2024-09-30,0.00794893738130864,0.9165902569805914,0.03133644392481072,0.004911255638419876,0.4254660261460363,-0.010550600142995581,90.02999877929688
2024-10-01,-0.0003332087049163768,1.093324052467322,0.028145487962388804,0.004038477451393074,0.46998302691483756,-0.003873807194599399,90.0
2024-10-02,-0.009777747260199643,1.0772138379220852,0.0156733378439593,-0.0051794616126071835,0.43081791561852595,-0.009777747260199643,89.12000274658203
2024-10-03,-0.01514818292089204,1.0554682668225484,-0.0016124466473177446,-0.016560628101055186,0.3553826713122436,-0.02477781507703991,87.7699966430664
2024-10-04,0.005582835956537302,0.9449453278112918,0.00223706223389053,-0.008715552408831595,0.385661676293764,-0.02053044569515372,88.26000213623047
2024-10-07,-0.013822809779905021,1.061435662961152,-0.013017630668456626,-0.015807679561221533,0.39846788840646363,-0.017939708757345185,87.04000091552734
2024-10-08,0.012637849983350158,0.9297007396470012,-0.002509572980165631,0.0008402677892691557,0.5005932454189779,0.00011349298243712447,88.13999938964844
2024-10-09,0.002382562808337374,0.9544951894680195,-0.0018500088547563909,0.004982243207242165,0.4232875953542281,-0.012518193040136683,88.3499984741211
2024-10-10,0.005659309661974143,0.9446542480503162,0.001787079534748992,0.008192612985560732,0.4680575297690394,-0.0054846416370594175,88.8499984741211
2024-10-11,0.005740035396613052,0.9184315537981996,0.0059183358333978475,0.01145471366065598,0.46736293988518063,-0.005564210957087368,89.36000061035156
2024-10-14,0.0072739651011553,0.9237383503455272,0.011695045606308518,0.012007851426037552,0.5152253225066025,0.0027852049248011657,90.01000213623047
2024-10-15,-0.0018887434096772626,1.0895175058553033,0.008361823285461867,0.006249827919475814,0.5280896628973757,0.00503408604222777,89.83999633789062
2024-10-16,0.001669651958964291,0.9257196627432915,0.008740566876794587,0.004240584568454775,0.5333333333333333,0.00603690255953615,89.98999786376953
2024-10-17,-0.0022224353038095,1.11467778704003,0.005864475555158455,-8.907389100676344e-05,0.5287637973217787,0.005261993084515915,89.79000091552734
2024-10-18,0.027285855031309092,0.8596747269518767,0.03203571695473073,0.020647518760878336,0.6115033585464904,0.024547363261553823,92.23999786376953
2024-10-21,-0.013117943543968003,1.097898451023035,0.017734600433588765,0.00499017902216492,0.5464381290460171,0.011444430881076384,91.02999877929688
2024-10-22,0.0009887286443162058,0.9110594560724429,0.01823427066535377,0.0031486350259377627,0.5970872060466177,0.022441651013938024,91.12000274658203
2024-10-23,0.012620652566074586,0.8481983790847353,0.030086486586806904,0.01073499025052116,0.7227721426046284,0.051270367689543406,92.2699966430664
2024-10-24,-0.013872318476919165,1.0997564809801443,0.015043237246721075,-0.00589971509591547,0.6253441634778271,0.03093129006869133,90.98999786376953
2024-10-25,-0.004396104355093966,1.0819814055925927,0.009905040354984296,-0.006688620026715886,0.6762659150917308,0.04078579256689774,90.58999633789062
2024-10-28,0.00011041104575348903,0.9067546239102432,0.00944824848538306,-0.005641283973012667,0.6369709445917554,0.027910132760468054,90.5999984741211
2024-10-29,-0.0030904943047748157,1.176478003583039,0.005947479572573355,-0.006970535910749143,0.6088398097457263,0.022297693884852254,90.31999969482422
2024-10-30,0.0019929174688215756,0.8902587286934159,0.008101018146660532,-0.0011037359360404064,0.5945017692672725,0.01857064214086046,90.5
2024-10-31,-0.013812154696132617,1.160994725013251,-0.005784267415259614,-0.011102235003816685,0.49419215437316516,-0.0012309826499578014,89.25
2024-11-01,0.009187671650691565,0.8992733181152125,0.003299966253640596,-0.0008652424712622953,0.5031119067630946,0.0006665654612800775,90.06999969482422
2024-11-04,-0.008437905393643974,1.10006406973625,-0.0048027285961319555,-0.006452351040081128,0.4740958455207306,-0.00589936332258445,89.30999755859375
2024-11-05,0.004142904005111969,0.9077360859480016,-0.0003148983274890993,-0.0009135180476039784,0.4851675765969532,-0.003444800155046557,89.68000030517578
2024-11-06,0.004794829434796144,0.8605383804184936,0.004545608132751067,0.004750022058583658,0.5149812586929019,0.0035638678200400342,90.11000061035156
2024-11-07,-0.022084095553106975,1.182591690573982,-0.017123890330075442,-0.014956710789250649,0.2984347052306883,-0.04466603656336132,88.12000274658203
2024-11-08,-0.004539281813565554,1.1775309676208927,-0.020963001247868873,-0.014249103931098017,0.32412347128397556,-0.03636161268791038,87.72000122070312
2024-11-11,0.006269897568508931,0.9158050166833717,-0.014318486723452262,-0.00574457828741004,0.35562271968338377,-0.03127750238816285,88.2699966430664
